titulo,url,nome_do_canal,data,fonte,anatomia_id
7 CUIDADOS COM A BARBA ( que todo HOMEM DEVE TER ),https://www.youtube.com/watch?v=-uYGIlvQLdY,,Acesso em: 11/5/2024,Youtube,1
O Passo a Passo pra Deixar minha BARBA CRESCER | TUDO o que Eu Fiz pra ela Ficar nesse Estilo,https://www.youtube.com/watch?v=FeU3o4wha-w,,Acesso em: 11/5/2024,Youtube,1
Como fazer barba. Jeito mais f√°cil,https://www.youtube.com/watch?v=5EXyr3L2aMk,,Acesso em: 11/5/2024,Youtube,1
Como Aliviar a Dor nas Costas em 4 Minutos - Funciona em 90% das pessoas! (Erros no Final),https://www.youtube.com/watch?v=vPs6P6WnxhM,,Acesso em: 11/5/2024,Youtube,2
DA ONDE VEM SUA DOR NAS COSTAS?,https://www.youtube.com/watch?v=PlK3rk0rJyE,,Acesso em: 11/5/2024,Youtube,2
O c√¢ncer raro que tem dor nas costas como principal sintoma,https://www.youtube.com/watch?v=Q_Phjyqb5rw,,Acesso em: 11/5/2024,Youtube,2
Fecunda√ß√£o - Desenvolvimento Embrion√°rio - Fonovim Fonoaudiologia Neurol√≥gica,https://www.youtube.com/watch?v=n68ZHH1HMdg,,Acesso em: 11/5/2024,Youtube,3
Sintomas da implanta√ß√£o do embri√£o,https://www.youtube.com/watch?v=zf62Xd5lr8g,,Acesso em: 11/5/2024,Youtube,3
"Embriologia: Fecunda√ß√£o, nida√ß√£o e forma√ß√£o do embri√£o - Sistema Reprodutor Feminino - VideoAula 052",https://www.youtube.com/watch?v=Kr4zY-aMMiw,,Acesso em: 11/5/2024,Youtube,3
Anatomia dos Pr√©-Molares de forma descomplicada,https://www.youtube.com/watch?v=Js25B9HM5cQ,,Acesso em: 11/5/2024,Youtube,4
Resum√£o dos Molares | Anatomia Dental,https://www.youtube.com/watch?v=mfBAz3YJ23E,,Acesso em: 11/5/2024,Youtube,4
Como Diferenciar Molares Entre Si ‚Äì Anatomia Dental Resumo,https://www.youtube.com/watch?v=mYpIFvAfXJo,,Acesso em: 11/5/2024,Youtube,4
"Histologia do Cora√ß√£o (Endoc√°rdio, Mioc√°rdio e Epic√°rdio) - #MRDrops",https://www.youtube.com/watch?v=DhB0M2_hnvA,,Acesso em: 11/5/2024,Youtube,5
Histologia Card√≠aca - EndocaÃÅrdio,https://www.youtube.com/watch?v=2R6nUiQvp2Q,,Acesso em: 11/5/2024,Youtube,5
Anatomia CardiÃÅaca B√°sica | Anatomia e etc.,https://www.youtube.com/watch?v=uFabswAGE6U,,Acesso em: 11/5/2024,Youtube,5
Veja como diagnosticar e tratar a inflama√ß√£o do ap√™ndice,https://www.youtube.com/watch?v=zpdDRrELE0Y,,Acesso em: 11/5/2024,Youtube,6
Por que ap√™ndice n√£o √© t√£o in√∫til quanto se acreditava,https://www.youtube.com/watch?v=FWlUAED_dOs,,Acesso em: 11/5/2024,Youtube,6
Como identificar a apendicite em seus est√°gios iniciais?,https://www.youtube.com/watch?v=WywHN3OJ1XI,,Acesso em: 11/5/2024,Youtube,6
Espessamento endometrial √© grave? O que fazer?,https://www.youtube.com/watch?v=DGjFXQ1KL5E,,Acesso em: 11/5/2024,Youtube,7
ESPESSURA IDEAL DO ENDOM√âTRIO PARA ENGRAVIDAR | Monica Romeiro,https://www.youtube.com/watch?v=GZnb9a9S1q8,,Acesso em: 11/5/2024,Youtube,7
APRENDA A DIFERENCIAR AS FASES DO CICLO ENDOMETRIAL NO ULTRASSOM I VOC√ä RADIOLOGISTA,https://www.youtube.com/watch?v=-4Oy1mZ_pYA,,Acesso em: 11/5/2024,Youtube,7
Esf√≠ncter anal,https://www.youtube.com/watch?v=NUQZW6au7Tc,,Acesso em: 11/5/2024,Youtube,8
O que √© esfincter?,https://www.youtube.com/watch?v=a6nLC9CSQBY,,Acesso em: 11/5/2024,Youtube,8
Como fortalecer a sua musculatura anal? Fa√ßa esses exerc√≠cios!,https://www.youtube.com/watch?v=eH6pSq48ZnA,,Acesso em: 11/5/2024,Youtube,8
Como Levantar as BOCHECHAS CAIDAS | Melhores tratamentos para flacidez das bochechas,https://www.youtube.com/watch?v=ZLZFe3gLl7c,,Acesso em: 11/5/2024,Youtube,9
Cristal (Participa√ß√£o Belo) | Clipe Oficial - Buchecha,https://www.youtube.com/watch?v=WVquJlFHqh4,,Acesso em: 11/5/2024,Youtube,9
Bochechas Ca√≠das? 3 Exerc√≠cios + 2 B√¥nus - FONO EST√âTICA - por L√≠lian Carmen Fonoaudi√≥loga,https://www.youtube.com/watch?v=tn2ZXE1qJyg,,Acesso em: 11/5/2024,Youtube,9
Cirurgia para descolamento de retina | Retinopexia com introflex√£o escleral,https://www.youtube.com/watch?v=mUBcPyhUtlY,,Acesso em: 11/5/2024,Youtube,10
Resum√£o da semana - Anatomia da C√≥rnea e Anatomia da Esclera,https://www.youtube.com/watch?v=P-DkedEy0AU,,Acesso em: 11/5/2024,Youtube,10
Lente de Contato Escleral - Como Limpar Lente de Contato Escleral,https://www.youtube.com/watch?v=qCYoyyT86V0,,Acesso em: 11/5/2024,Youtube,10
Como definir os bra√ßos - Projeto de defini√ß√£o muscular - Carol Borba,https://www.youtube.com/watch?v=WJZatdxOq0s,,Acesso em: 11/5/2024,Youtube,11
üí™üèª Super Treino de Bra√ßos para deixar DURINHOS E TONIFICADOS! - Carol Borba,https://www.youtube.com/watch?v=5zrLskUH9dk,,Acesso em: 11/5/2024,Youtube,11
Melhor treino para secar os bra√ßos em casa - Carol Borba,https://www.youtube.com/watch?v=kJfXMTgpEeQ,,Acesso em: 11/5/2024,Youtube,11
Como os espermatozoides s√£o criados,https://www.youtube.com/watch?v=0LL1Co1CcA8,,Acesso em: 11/5/2024,Youtube,12
O mito da corrida fren√©tica dos espermatozoides at√© o √≥vulo,https://www.youtube.com/watch?v=l3q15pOcl2g,,Acesso em: 11/5/2024,Youtube,12
5 motivos por tr√°s da queda nos espermatozoides,https://www.youtube.com/watch?v=DqqagaznmZU,,Acesso em: 11/5/2024,Youtube,12
V√≠deo Aula 113 - Anatomia Humana - Aponeurose ou F√°scia Plantar: Espor√£o Calc√¢neo e Fascite Plantar,https://www.youtube.com/watch?v=t3n87VYSQS8,,Acesso em: 11/5/2024,Youtube,13
F√ÅSCIA MUSCULAR e COMPARTIMENTOS FASCIAIS,https://www.youtube.com/watch?v=hoep8Zv554M,,Acesso em: 11/5/2024,Youtube,13
TEND√ÉO OU LIGAMENTO ESSA D√öVIDA VOC√ä NUNCA MAIS VAI TER!,https://www.youtube.com/watch?v=-yhNcIh9KQQ,,Acesso em: 11/5/2024,Youtube,13
Esqueleto de NATAL | Casa Teehee | Dan√ßa de Esqueleto Engra√ßada,https://www.youtube.com/watch?v=0Rab_DEey9I,,Acesso em: 11/5/2024,Youtube,14
Sistema Esquel√©tico 2/5: Esqueleto Axial e Apendicular. ClassificacÃßaÃÉo dos Ossos,https://www.youtube.com/watch?v=hvhMfhFPdCI,,Acesso em: 11/5/2024,Youtube,14
OSSOS do ESQUELETO | Anatomia etc,https://www.youtube.com/watch?v=gQyoRHDNuuE,,Acesso em: 11/5/2024,Youtube,14
Treino de abdomen *para um abdomen trincado*,https://www.youtube.com/watch?v=090Gwx4MqDQ,,Acesso em: 11/5/2024,Youtube,15
Tonifique seu Abd√¥men em Casa | Pilates com Pati,https://www.youtube.com/watch?v=PMNzcLKprxQ,,Acesso em: 11/5/2024,Youtube,15
ABDOMINAIS EM CASA - APENAS 15 MINUTOS POR DIA !!!,https://www.youtube.com/watch?v=ths0O_cIjM4,,Acesso em: 11/5/2024,Youtube,15
Sistema respiratoÃÅrio: TraqueÃÅia e broÃÇnquios,https://www.youtube.com/watch?v=u4BcfAPCAeE,,Acesso em: 11/5/2024,Youtube,16
BroÃÇnquios Parte 1,https://www.youtube.com/watch?v=o25Y36Fzj1A,,Acesso em: 11/5/2024,Youtube,16
Como diferenciar os BR√îNQUIOS PULMONARES,https://www.youtube.com/watch?v=mOXo4E7Fp1g,,Acesso em: 11/5/2024,Youtube,16
BronquiÃÅolos,https://www.youtube.com/watch?v=4X_CuJsAo38,,Acesso em: 11/5/2024,Youtube,17
Histologia do Sistema Respirat√≥rio - Br√¥nquios e Bronqu√≠olos,https://www.youtube.com/watch?v=P1xO6CMgpDc,,Acesso em: 11/5/2024,Youtube,17
"Traqu√©ia, br√¥nquios, bronquiolos, alv√©olos e pulm√µes",https://www.youtube.com/watch?v=I9vdvxuoWc8,,Acesso em: 11/5/2024,Youtube,17
"V√≠deo Aula 106 - Anatomia Humana - Caixa Tor√°cica: Esterno, Costelas e Cartilagens Costais",https://www.youtube.com/watch?v=skSv_tPNMiw,,Acesso em: 11/5/2024,Youtube,18
"Coluna Vertebral, Costelas e Esterno - Esqueleto Axial",https://www.youtube.com/watch?v=qJCDDg3N8IM,,Acesso em: 11/5/2024,Youtube,18
OSSO ESTERNO,https://www.youtube.com/watch?v=wOcQorOOH88,,Acesso em: 11/5/2024,Youtube,18
5 PASSOS PARA VENCER A GORDURA DA BARRIGA COMPROVADOS pela CI√äNCIA (DESAFIO 10 DIAS evita DIABETES),https://www.youtube.com/watch?v=o0_j86lDMsI,,Acesso em: 11/5/2024,Youtube,19
"O QUE CAUSA DOR DE BARRIGA NA PARTE DE BAIXO? Sintomas, caracter√≠sticas...",https://www.youtube.com/watch?v=O9NgSOmTP5c,,Acesso em: 11/5/2024,Youtube,19
Treino de 10 Minutos para DIMINUIR A BARRIGA em 7 dias - Carol Borba,https://www.youtube.com/watch?v=M2k4yDk3H-A,,Acesso em: 11/5/2024,Youtube,19
Est√¥mago - Anatomia e fun√ß√µes gerais,https://www.youtube.com/watch?v=zyER9ZASuZw,,Acesso em: 11/5/2024,Youtube,20
Biologia - Sistema Digest√≥rio: Est√¥mago,https://www.youtube.com/watch?v=qXjMtWEKrLI,,Acesso em: 11/5/2024,Youtube,20
"Sistema Digest√≥rio 2/5 | Trato Gastrointestinal: Boca, Faringe, EsoÃÇfago e EstoÃÇmago",https://www.youtube.com/watch?v=9-y3RHT8Efo,,Acesso em: 11/5/2024,Youtube,20
"Meninges: Dura-m√°ter, aracn√≥ide e pia-m√°ter - Sistema Nervoso/Neuroanatomia - V√≠deo Aula 077",https://www.youtube.com/watch?v=8XI7h3M8r2Q,,Acesso em: 11/5/2024,Youtube,21
CISTO ARACNOIDE I  EP.: 59,https://www.youtube.com/watch?v=STuBFp4CP14,,Acesso em: 11/5/2024,Youtube,21
Meninges - Dura-M√°ter / Aracnoide / Pia-M√°ter - Revestimento do Sistema Nervoso Central - Aula 2,https://www.youtube.com/watch?v=4EBbc2bx-hs,,Acesso em: 11/5/2024,Youtube,21
POR QUE O A√á√öCAR √â T√ÉO PERIGOSO? M√âDICO EXPLICA | Lutz Podcast,https://www.youtube.com/watch?v=QbVJg4yNKJM,,Acesso em: 11/5/2024,Youtube,22
3 maneiras de como o A√á√öCAR est√° ARRUINANDO sua vida !,https://www.youtube.com/watch?v=qazbBOztZb0,,Acesso em: 11/5/2024,Youtube,22
O que aconteceria com seu corpo se voc√™ parasse de comer a√ß√∫car?,https://www.youtube.com/watch?v=EEv4_DcDVFk,,Acesso em: 11/5/2024,Youtube,22
"Sistema Digest√≥rio 2/5 | Trato Gastrointestinal: Boca, Faringe, EsoÃÇfago e EstoÃÇmago",https://www.youtube.com/watch?v=9-y3RHT8Efo,,Acesso em: 11/5/2024,Youtube,23
C√¢ncer de es√¥fago: quais os sintomas e tratamentos?,https://www.youtube.com/watch?v=zMa_X8DJBuU,,Acesso em: 11/5/2024,Youtube,23
Sistema Digest√≥rio 08 - Es√¥fago (anatomia) - V√≠deo-aula,https://www.youtube.com/watch?v=bjKycrzveVU,,Acesso em: 11/5/2024,Youtube,23
Art√©rias Abdominais,https://www.youtube.com/watch?v=UbnbUltsM4Y,,Acesso em: 11/5/2024,Youtube,24
ART√âRIAS CORON√ÅRIAS: UM DETALHE QUE NUNCA NINGU√âM TE CONTOU.,https://www.youtube.com/watch?v=K7OqFHtcl_c,,Acesso em: 11/5/2024,Youtube,24
Veias e Art√©rias: Quais diferen√ßas?,https://www.youtube.com/watch?v=vP88X4QzSB0,,Acesso em: 11/5/2024,Youtube,24
"Cotovelo: articula√ß√µes, acidentes √≥sseos e ligamentos | Anatomia etc",https://www.youtube.com/watch?v=LCz2h3KjWP0,,Acesso em: 11/5/2024,Youtube,25
FLEX√ÉO DO COTOVELO! Com programa 3D,https://www.youtube.com/watch?v=4qjwoin9KN8,,Acesso em: 11/5/2024,Youtube,25
DOR NO COTOVELO,https://www.youtube.com/watch?v=MP9OF9GxB68,,Acesso em: 11/5/2024,Youtube,25
TRANSI√á√ÉO BULBO MEDULAR N√ÉO COMETA ESSE ERRO,https://www.youtube.com/watch?v=sJYiVk-7cN8,,Acesso em: 11/5/2024,Youtube,26
Qual √© a fun√ß√£o do BULBO ? BULBO - Neuroanatomia B√°sica,https://www.youtube.com/watch?v=7XBsF02fcdw,,Acesso em: 11/5/2024,Youtube,26
Tronco encef√°lico - parte 2: Bulbo,https://www.youtube.com/watch?v=obAbIoZVi7o,,Acesso em: 11/5/2024,Youtube,26
Epiderme: Sistema Tegumentar 2/4 | Anatomia etc,https://www.youtube.com/watch?v=iigFYu71OwI,,Acesso em: 11/5/2024,Youtube,27
"Anatomia da Pele - EPIDERME: Estrutura, prote√ß√£o e pigmenta√ß√£o - Sistema Tegumentar - VideoAula 042",https://www.youtube.com/watch?v=wjOo9DtAVKo,,Acesso em: 11/5/2024,Youtube,27
Derme: Sistema Tegumentar 3/4 | Anatomia etc,https://www.youtube.com/watch?v=A303kIKlSs4,,Acesso em: 11/5/2024,Youtube,27
Bexiga urinaÃÅria: InervacÃßaÃÉo,https://www.youtube.com/watch?v=0kH7Ztzoou8,,Acesso em: 11/5/2024,Youtube,28
"Bexiga hiperativa: sintomas, tratamentos e preven√ß√µes - Voc√™ Bonita (09/07/20)",https://www.youtube.com/watch?v=qGnU690hHW4,,Acesso em: 11/5/2024,Youtube,28
Cistite - A infec√ß√£o da bexiga.,https://www.youtube.com/watch?v=494ms7llNqg,,Acesso em: 11/5/2024,Youtube,28
ART√âRIAS CORON√ÅRIAS: UM DETALHE QUE NUNCA NINGU√âM TE CONTOU.,https://www.youtube.com/watch?v=K7OqFHtcl_c,,Acesso em: 11/5/2024,Youtube,29
Anatomia do Cora√ß√£o: Art√©rias Coron√°rias com RogeÃÅrio Gozzi | Anatomia etc,https://www.youtube.com/watch?v=1iLbAmXykeo,,Acesso em: 11/5/2024,Youtube,29
Sistema Cardiovascular 5/6: Art√©rias Coron√°rias e Infarto Agudo do Mioc√°rdio | Anatomia e etc.,https://www.youtube.com/watch?v=oGurYO1t-wU,,Acesso em: 11/5/2024,Youtube,29
"Epid√≠dimo: Anatomia, fun√ß√£o e vasculariza√ß√£o",https://www.youtube.com/watch?v=TQEKJsy2AjI,,Acesso em: 11/5/2024,Youtube,30
"Epididimite: o que eÃÅ, quadro cliÃÅnico, diagnoÃÅstico e tratamento.",https://www.youtube.com/watch?v=jFgnK6XEw9c,,Acesso em: 11/5/2024,Youtube,30
Histologia do Epid√≠dimo,https://www.youtube.com/watch?v=fqbWfAOVL8w,,Acesso em: 11/5/2024,Youtube,30
"ü§® Se voc√™ tem DOR na nuca, tem que assistir esse v√≠deo",https://www.youtube.com/watch?v=w8spGycRuHk,,Acesso em: 11/5/2024,Youtube,31
‚ö†Ô∏è 3 dicas pontuais para aliviar a DOR na nuca e COLUNA CERVICAL,https://www.youtube.com/watch?v=hyn7dmYQ6dc,,Acesso em: 11/5/2024,Youtube,31
DOR NA NUCA - 2 EXERC√çCIOS E COMO SABER A CAUSA,https://www.youtube.com/watch?v=p13ntQLQevo,,Acesso em: 11/5/2024,Youtube,31
Suprarrenais: Sistema End√≥crino | Anatomia e etc,https://www.youtube.com/watch?v=6bhsEY_vy5I,,Acesso em: 11/5/2024,Youtube,32
[#1] GL√ÇNDULAS ADRENAIS: INTRODU√á√ÉO | MK Fisiologia,https://www.youtube.com/watch?v=zmn8hcSyP1c,,Acesso em: 11/5/2024,Youtube,32
"GL√ÇNDULA SUPRARRENAL (CORTISOL, ALDOSTERONA, ANDROG√äNIOS) - FISIOLOGIA HUMANA - FISIOLOGIA END√ìCRINA",https://www.youtube.com/watch?v=_YvYNMD4jP0,,Acesso em: 11/5/2024,Youtube,32
Autuori assume o futebol do Coritiba: o que o coxa-branca pode esperar?,https://www.youtube.com/watch?v=Sr4Rz-pYe9I,,Acesso em: 11/5/2024,Youtube,33
4 Minutos para Tonificar as Coxas - Carol Borba,https://www.youtube.com/watch?v=xX1AcOWP-8A,,Acesso em: 11/5/2024,Youtube,33
DOG√ÉO ELIMINA O COXA E VAI A FINAL! Coritiba x Maring√° - MELHORES MOMENTOS - SEMI - Paranaense 2024,https://www.youtube.com/watch?v=ZNjSxxKJEdA,,Acesso em: 11/5/2024,Youtube,33
3 dicas VALIOSAS sobre epiglote CA√çDA!,https://www.youtube.com/watch?v=z3TfLCYgg7I,,Acesso em: 11/5/2024,Youtube,34
Epiglotite,https://www.youtube.com/watch?v=chDlfgX75dY,,Acesso em: 11/5/2024,Youtube,34
"Epiglote na inspira√ß√£o, expira√ß√£o e na degluti√ß√£o",https://www.youtube.com/watch?v=csAL2weCb3o,,Acesso em: 11/5/2024,Youtube,34
"Art√©rias, arter√≠olas, v√™nulas e veias",https://www.youtube.com/watch?v=dnRz-8zMpGU,,Acesso em: 11/5/2024,Youtube,35
Histologia Vasos Sangu√≠neos,https://www.youtube.com/watch?v=r6yjgOYT4Y4,,Acesso em: 11/5/2024,Youtube,35
Veias e Art√©rias: Quais diferen√ßas?,https://www.youtube.com/watch?v=vP88X4QzSB0,,Acesso em: 11/5/2024,Youtube,35
TREINO DE B√çCEPS Em Apenas 10 MINUTOS!,https://www.youtube.com/watch?v=4d2lQKDXTJM,,Acesso em: 11/5/2024,Youtube,36
Treino Completo Para Deixar o B√çCEPS MAIS LARGO,https://www.youtube.com/watch?v=hjH4f3v1D5o,,Acesso em: 11/5/2024,Youtube,36
TREINO DE B√çCEPS COMPLETO Para Crescer Todas Cabe√ßas,https://www.youtube.com/watch?v=hSzcih8RAzI,,Acesso em: 11/5/2024,Youtube,36
Tylenol sinus - como usar corretamente? √â um bom rem√©dio  para a sinusite?,https://www.youtube.com/watch?v=iBTUY6G2H4o,,Acesso em: 11/5/2024,Youtube,37
Drain Sinus &amp; Clear Stuffy Nose in 1 Move | Created by Dr. Mandell,https://www.youtube.com/watch?v=I47xi2F3W9g,,Acesso em: 11/5/2024,Youtube,37
Diagnosing sinus headaches,https://www.youtube.com/watch?v=biqgnBxAIo4,,Acesso em: 11/5/2024,Youtube,37
Zez√© Di Camargo &amp; Luciano - Seus Olhos (√Åudio Oficial),https://www.youtube.com/watch?v=pqkq3d9pR9U,,Acesso em: 11/5/2024,Youtube,38
VibracÃßoÃÉes - Olhos Verdes (V√≠deo Oficial),https://www.youtube.com/watch?v=nAen3fq20vs,,Acesso em: 11/5/2024,Youtube,38
OLHOS DE LUA | Eduardo Costa (Clipe Oficial),https://www.youtube.com/watch?v=RPQ5m4WmusY,,Acesso em: 11/5/2024,Youtube,38
A Familia dos Dedos (Fingers Family) em Portugu√™s  + outras 6 Musicas Infantis com Os Amiguinhos,https://www.youtube.com/watch?v=YXlxFH7MCac,,Acesso em: 11/5/2024,Youtube,39
A Fam√≠lia Dos Dedos Coloridos de Halloween #1 |M√∫sica infantil | Um Her√≥i do Cora√ß√£o,https://www.youtube.com/watch?v=IaC8yat3lM0,,Acesso em: 11/5/2024,Youtube,39
HooplaKidz Brasil | Fam√≠lia Dedo Estelar | Finger Family Collection | M√∫sicas Infantis,https://www.youtube.com/watch?v=TOgxSStj1u0,,Acesso em: 11/5/2024,Youtube,39
"Anatomia da M√£o: Ossos do Carpo, Metacarpos e Falanges - Sistema Esquel√©tico/√ìsseo - VideoAula 054",https://www.youtube.com/watch?v=ReG5QSyylPE,,Acesso em: 11/5/2024,Youtube,40
Anatomia √≥ssea dos MMSS - (Parte 2/5) - Ossos da m√£o - METACARPOS e FALANGES,https://www.youtube.com/watch?v=SJlgf3M4JKY,,Acesso em: 11/5/2024,Youtube,40
"Conhecendo os ossos das m√£os e p√©s: Carpo, Tarso, Metacarpos, Metatarsos e Falanges",https://www.youtube.com/watch?v=W2UuirrguzU,,Acesso em: 11/5/2024,Youtube,40
ANATOMIA HUMANA - Cora√ß√£o (Parte 1) - Peric√°rdio,https://www.youtube.com/watch?v=IK-iiNcwSBM,,Acesso em: 11/5/2024,Youtube,41
ANATOMIA DO PERIC√ÅRDIO #5,https://www.youtube.com/watch?v=wopcxZZAcGw,,Acesso em: 11/5/2024,Youtube,41
Histologia Card√≠aca - PericaÃÅrdio,https://www.youtube.com/watch?v=FfCgJ0wAPH0,,Acesso em: 11/5/2024,Youtube,41
70 tipos de BIGODE para HOMENS usarem,https://www.youtube.com/watch?v=MwfiOqhU5vw,,Acesso em: 11/5/2024,Youtube,42
N√£o Cometa Estes Erros Quando For Aparar Seu Bigode,https://www.youtube.com/watch?v=mBrb8argrN0,,Acesso em: 11/5/2024,Youtube,42
MULHER gosta de BIGODE? SIM OU N√ÉO? (Fui pras Ruas Descobrir),https://www.youtube.com/watch?v=jSeAQbY7DzU,,Acesso em: 11/5/2024,Youtube,42
COMO REALCÃßAR AS SOBRANCELHAS DE UM JEITO FAÃÅCIL E NATURAL - #Tutorial09,https://www.youtube.com/watch?v=m1BX48Lh-AU,,Acesso em: 11/5/2024,Youtube,43
Como fazer as sobrancelhas sozinha em casa por Let√≠cia Gomes,https://www.youtube.com/watch?v=IA5DRXMDOh0,,Acesso em: 11/5/2024,Youtube,43
Design de sobrancelha | Tutorial de design de sobrancelhas,https://www.youtube.com/watch?v=Byzt58LOZ7U,,Acesso em: 11/5/2024,Youtube,43
Como acabar com as RUGAS da GLABELA? | Sua D√∫vida Vira V√≠deo #69,https://www.youtube.com/watch?v=EpGReJOCd88,,Acesso em: 11/5/2024,Youtube,44
Como melhorar o buraco da Glabela?,https://www.youtube.com/watch?v=sTlGVywQwRU,,Acesso em: 11/5/2024,Youtube,44
Saiba tudo sobre a GLABELA | Por que √© t√£o dif√≠cil tratar essa regi√£o? Botox¬Æ pode?,https://www.youtube.com/watch?v=gRyVdPu0dE4,,Acesso em: 11/5/2024,Youtube,44
Perineoplastia: como √© a recupera√ß√£o e p√≥s-operat√≥rio,https://www.youtube.com/watch?v=G63C8wZNhuY,,Acesso em: 11/5/2024,Youtube,45
Preparo do Per√≠neo,https://www.youtube.com/watch?v=FTZ3cqUEXlQ,,Acesso em: 11/5/2024,Youtube,45
PERINEOPLASTIA: QUAIS OS CUIDADOS ANTES E DEPOIS DA CIRURGIA - DR RENATO HOSOUME,https://www.youtube.com/watch?v=esD4hKYh3P0,,Acesso em: 11/5/2024,Youtube,45
TEND√ÉO OU LIGAMENTO ESSA D√öVIDA VOC√ä NUNCA MAIS VAI TER!,https://www.youtube.com/watch?v=-yhNcIh9KQQ,,Acesso em: 11/5/2024,Youtube,46
Os m√∫sculos e tend√µes do ombro se regeneram? | Dr. Carlos Macedo &amp; Dr. Andr√© Kruel,https://www.youtube.com/watch?v=iQHAGc-lxl4,,Acesso em: 11/5/2024,Youtube,46
Tendinite do ombro tem cura? Veja as causas e quais as consequ√™ncias de n√£o se tratar corretamente!,https://www.youtube.com/watch?v=1znkdaWY5e0,,Acesso em: 11/5/2024,Youtube,46
DOR NA TESTA √â PERIGOSO? O Que Pode Ser? O Que Fazer?,https://www.youtube.com/watch?v=D1ywwznYMAc,,Acesso em: 11/5/2024,Youtube,47
Quer se livrar das rugas na testa? Como prevenir e qual o melhor tratamento para rugas na testa?,https://www.youtube.com/watch?v=JUCcpjLZBDs,,Acesso em: 11/5/2024,Youtube,47
Como aumentar a Intensidade no Tr√≠ceps Testa? - Torque na Muscula√ß√£o #6,https://www.youtube.com/watch?v=KS-0CPSc0No,,Acesso em: 11/5/2024,Youtube,47
Como saber se os test√≠culos s√£o pequenos ou normais?,https://www.youtube.com/watch?v=oh1NYrwLdgs,,Acesso em: 11/5/2024,Youtube,48
DOR NOS TEST√çCULOS: como aliviar?,https://www.youtube.com/watch?v=foieuTSK2sc,,Acesso em: 11/5/2024,Youtube,48
5 Sintomas do C√¢ncer de test√≠culo!,https://www.youtube.com/watch?v=3WMz20cQIH4,,Acesso em: 11/5/2024,Youtube,48
T√≠mpano Furado: Consequ√™ncias.,https://www.youtube.com/watch?v=TlNdQxeNnnQ,,Acesso em: 11/5/2024,Youtube,49
T√≠mpano Perfurado: Posso Pingar Rem√©dio?,https://www.youtube.com/watch?v=QHp3OOiTRCo,,Acesso em: 11/5/2024,Youtube,49
Dr. Felippe Felix - T√≠mpano Perfurado,https://www.youtube.com/watch?v=wwCs6gYQDlg,,Acesso em: 11/5/2024,Youtube,49
Tire√≥ide e Paratire√≥ides: Sistema End√≥crino,https://www.youtube.com/watch?v=RJeP3n5o2oc,,Acesso em: 11/5/2024,Youtube,50
SINTOMAS DA TIREOIDE,https://www.youtube.com/watch?v=kK4sKhXjrbw,,Acesso em: 11/5/2024,Youtube,50
[#1] TIREOIDE: Horm√¥nios tireoidianos T3 (triiodotironina) e T4 (tiroxina) | MK Fisiologia,https://www.youtube.com/watch?v=XhxKjEi9Ois,,Acesso em: 11/5/2024,Youtube,50
Tibia - PRIMEIROS PASSOS - GUIA COMPLETO para INICIANTES!,https://www.youtube.com/watch?v=FV5fNNxoZ8g,,Acesso em: 11/5/2024,Youtube,51
A REAL SITUA√á√ÉO DO TIBIA EM 2024,https://www.youtube.com/watch?v=djrUfFmMjbk,,Acesso em: 11/5/2024,Youtube,51
Acidentes √≥sseos da T√≠bia - Sistema √ìsseo/Esquel√©tico - VideoAula 066,https://www.youtube.com/watch?v=DH493FwEKAM,,Acesso em: 11/5/2024,Youtube,51
Anatomia das tonsilas e l√≠ngua - Boca e Faringe,https://www.youtube.com/watch?v=-AMUD3UUry4,,Acesso em: 11/5/2024,Youtube,52
Tonsila Palatina (com legenda em portugueÃÇs),https://www.youtube.com/watch?v=dPsTfULzV_s,,Acesso em: 11/5/2024,Youtube,52
Aula | Histologia da Tonsila Palatina | Histology Guide,https://www.youtube.com/watch?v=hCTorDx-kxs,,Acesso em: 11/5/2024,Youtube,52
M√öSCULOS DO ABD√îMEN E T√ìRAX CHEGA DE QUEBRAR A CABE√áA POR NADA,https://www.youtube.com/watch?v=Of2-euhSZ74,,Acesso em: 11/5/2024,Youtube,53
Corpo Humano: Anatomia do T√≥rax e Abd√¥me,https://www.youtube.com/watch?v=sbFV6TGz3UA,,Acesso em: 11/5/2024,Youtube,53
CAIXA TOR√ÅCICA: Anatomia para colorir!,https://www.youtube.com/watch?v=9GHLJjtr-L0,,Acesso em: 11/5/2024,Youtube,53
HipoÃÅfise: Sistema EndoÃÅcrino | Anatomia e etc,https://www.youtube.com/watch?v=4dtyvpswmhE,,Acesso em: 11/5/2024,Youtube,54
HIP√ìFISE - Suas fun√ß√µes e principais doen√ßas,https://www.youtube.com/watch?v=__UfJHiG7wg,,Acesso em: 11/5/2024,Youtube,54
NEURO-HIP√ìFISE (OCITOCINA E VASOPRESSINA) | Introdu√ß√£o ao eixo hipot√°lamo-hip√≥fise | MK Fisiologia,https://www.youtube.com/watch?v=MUqupOLUNBM,,Acesso em: 11/5/2024,Youtube,54
"üòØ Torceu o tornozelo, veja  2 formas para melhorar a dor",https://www.youtube.com/watch?v=dEg2mp5zWIo,,Acesso em: 11/5/2024,Youtube,55
Fisioterapia para Tornozelo,https://www.youtube.com/watch?v=mt0O5Vp31Ag,,Acesso em: 11/5/2024,Youtube,55
Alivio de DORES NO TORNOZELO - t√©cnicas de terapia manual - Mobilidade Articular do tornozelo,https://www.youtube.com/watch?v=gRKKkBHlCEw,,Acesso em: 11/5/2024,Youtube,55
RESUM√ÉO de ARTICULA√á√ïES!,https://www.youtube.com/watch?v=g91cLHOGmEk,,Acesso em: 11/5/2024,Youtube,56
Articula√ß√µes: defini√ß√£o e classifica√ß√£o | Anatomia etc,https://www.youtube.com/watch?v=RsanA4Cb24Q,,Acesso em: 11/5/2024,Youtube,56
ArticulacÃßoÃÉes Sinoviais | Anatomia etc,https://www.youtube.com/watch?v=-YxcgPxpFYs,,Acesso em: 11/5/2024,Youtube,56
Glande sens√≠vel: como acabar para sempre com esse desconforto,https://www.youtube.com/watch?v=O2LbiqmbBkI,,Acesso em: 11/5/2024,Youtube,57
Glande Murcha ou Perda de Sensibilidade ap√≥s a Pr√≥tese Peniana | Dr. Marco T√∫lio - Andrologista,https://www.youtube.com/watch?v=nC2Eb7FXiAk,,Acesso em: 11/5/2024,Youtube,57
P√™nis vermelho...Mancha vermelha na glande. Por que acontece? Como tratar? Quero me livrar disso!!!,https://www.youtube.com/watch?v=_tiMRjnpyA0,,Acesso em: 11/5/2024,Youtube,57
Derme: Sistema Tegumentar 3/4 | Anatomia etc,https://www.youtube.com/watch?v=A303kIKlSs4,,Acesso em: 11/5/2024,Youtube,58
SAIBA QUAL √â A FUN√á√ÉO DA DERME,https://www.youtube.com/watch?v=_TLaGrPXO74,,Acesso em: 11/5/2024,Youtube,58
"Anatomia da Pele - DERME: Estrutura, composi√ß√£o e fun√ß√µes - Sistema Tegumentar - VideoAula 041",https://www.youtube.com/watch?v=8anqFQGblPQ,,Acesso em: 11/5/2024,Youtube,58
GLOTE - Conjunto Vazio √∏ (Videoclipe Oficial),https://www.youtube.com/watch?v=-8LYi2cUFs8,,Acesso em: 11/5/2024,Youtube,59
Voc√™ sabe o que √© Golpe de Glote?,https://www.youtube.com/watch?v=k4iUq8R9P5o,,Acesso em: 11/5/2024,Youtube,59
Comidas que podem fechar a glote,https://www.youtube.com/watch?v=2X9Yqlak5FE,,Acesso em: 11/5/2024,Youtube,59
Desgaste no colo dos dentes‚éÆCausas e Solu√ß√£o ‚éÆAbfracÃßaÃÉo dent√°ria,https://www.youtube.com/watch?v=Gj36cYn7Mis,,Acesso em: 11/5/2024,Youtube,60
Como √© feita a Escolha dos Dentes?,https://www.youtube.com/watch?v=JVVstN5Ssik,,Acesso em: 11/5/2024,Youtube,60
Voc√™ escova os dentes direito? Duvido!,https://www.youtube.com/watch?v=KMTUbUSyEAI,,Acesso em: 11/5/2024,Youtube,60
7 Melhores Exerc√≠cios Para Crescer Dorsal e Ter Shape Em V,https://www.youtube.com/watch?v=_vWe_YyRhyQ,,Acesso em: 11/5/2024,Youtube,61
Treino de COSTAS Completo para CRESCER DORSAL e Ganhar DEFINI√á√ÉO (AT√â A FALHA!!),https://www.youtube.com/watch?v=CCQwKzxvEL0,,Acesso em: 11/5/2024,Youtube,61
OS 3 UNICOS EXERC√çCIOS PARA PARTE BAIXA DO DORSAL QUE VOC√ä PRECISA!,https://www.youtube.com/watch?v=ZbqMuqi0434,,Acesso em: 11/5/2024,Youtube,61
Agust D &#39;AMYGDALA&#39; Official MV,https://www.youtube.com/watch?v=IX1dkYoLHVs,,Acesso em: 11/5/2024,Youtube,62
ENTENDA o papel da AM√çGDALA no MEDO!,https://www.youtube.com/watch?v=fMlc8dPqfc0,,Acesso em: 11/5/2024,Youtube,62
O perigo SUBESTIMADO de TIRAR AS AM√çGDALAS,https://www.youtube.com/watch?v=aUhh6ZjDuas,,Acesso em: 11/5/2024,Youtube,62
Caracter√≠sticas dos Caninos | ANATOMIA DENTAL,https://www.youtube.com/watch?v=TCT8x3DlVu4,,Acesso em: 11/5/2024,Youtube,63
Tudo o que voc√™ precisa saber sobre os dentes caninos(Anatomia Dental),https://www.youtube.com/watch?v=VZotKjXAsJ0,,Acesso em: 11/5/2024,Youtube,63
Anatomia Dent√°ria Canino Superior,https://www.youtube.com/watch?v=138uvERLtyo,,Acesso em: 11/5/2024,Youtube,63
Difus√£o gasosa - Troca gasosa alv√©olo-capilar,https://www.youtube.com/watch?v=UXEaRbafy44,,Acesso em: 11/5/2024,Youtube,64
Press√£o Alveolar de oxig√™nio e gradiente alv√©olo-arterial de oxig√™nio,https://www.youtube.com/watch?v=nuOE3bXxgTs,,Acesso em: 11/5/2024,Youtube,64
Sistema Respirat√≥rio 15 - Os alv√©olos pulmonares - Pulm√µes  (v√≠deo-aula),https://www.youtube.com/watch?v=2IG3-mqFaDc,,Acesso em: 11/5/2024,Youtube,64
Sem Dor no Ombro em 3 minutos!,https://www.youtube.com/watch?v=PrDYvK_ewRw,,Acesso em: 11/5/2024,Youtube,65
8 Melhores Exerc√≠cios Para Ter Ombros Mais Atraentes,https://www.youtube.com/watch?v=bUF9vKJqIyM,,Acesso em: 11/5/2024,Youtube,65
4 Exerc√≠cios p/ FORTALECER OS OMBROS - m√∫sculos do manguito rotador - Estabiliza√ß√£o do ombro,https://www.youtube.com/watch?v=A68yj4oYWfo,,Acesso em: 11/5/2024,Youtube,65
por que ORELHAS n√£o param de CRESCER?,https://www.youtube.com/watch?v=xaLwaRc4eDY,,Acesso em: 11/5/2024,Youtube,66
A BRUNA TIROU OS PONTOS DAS MINHAS ORELHAS üò±,https://www.youtube.com/watch?v=8uR6EA1APDU,,Acesso em: 11/5/2024,Youtube,66
O Que Suas Orelhas Revelam Sobre Voc√™,https://www.youtube.com/watch?v=zUCvv2nIPDc,,Acesso em: 11/5/2024,Youtube,66
Ducto entupido,https://www.youtube.com/watch?v=EO4SjzFOSRg,,Acesso em: 11/5/2024,Youtube,67
"DUCTO MAM√ÅRIO ENTUPIDO, como DESOBSTRUIR,  ALIVIAR MAMA EMPEDRADA e evitar MASTITE",https://www.youtube.com/watch?v=aqMujeC2nSU,,Acesso em: 11/5/2024,Youtube,67
O QUE √â DUCTO ENTUPIDO -  Como tratar Ducto Obstru√≠do,https://www.youtube.com/watch?v=_byfpUq5gvw,,Acesso em: 11/5/2024,Youtube,67
Rotina de cuidados com o meu cabelo longo- crescimento e fortalecimento ‚ú® #rotinacapilar #cabelo,https://www.youtube.com/watch?v=FH7zuyNy8_Q,,Acesso em: 11/5/2024,Youtube,68
Cheiro e Cabelo,https://www.youtube.com/watch?v=Y3vf5sSitwI,,Acesso em: 11/5/2024,Youtube,68
"AUL√ÉO DE DEGRAD√ä, T√âCNICAS E PROCESSO | CORTE DE CABELO PASSO A PASSO",https://www.youtube.com/watch?v=wzuJdA6lDsA,,Acesso em: 11/5/2024,Youtube,68
"Anatomia da M√£o: Ossos do Carpo, Metacarpos e Falanges - Sistema Esquel√©tico/√ìsseo - VideoAula 054",https://www.youtube.com/watch?v=ReG5QSyylPE,,Acesso em: 11/5/2024,Youtube,69
Quanto Tempo para Consolidar as Fraturas de Metacarpo e Falange?,https://www.youtube.com/watch?v=1ihvnMFjwwk,,Acesso em: 11/5/2024,Youtube,69
Fratura do 5¬∫ Metacarpo - Boxer,https://www.youtube.com/watch?v=9hGOXIOKkVU,,Acesso em: 11/5/2024,Youtube,69
"ANATOMIA DA FARINGE (NASOFARINGE, OROFARINGE E LARINGOFARINGE) - SISTEMA DIGEST√ìRIO",https://www.youtube.com/watch?v=doz_8resmnI,,Acesso em: 11/5/2024,Youtube,70
OROFARINGE,https://www.youtube.com/watch?v=6X44-7BrATE,,Acesso em: 11/5/2024,Youtube,70
C√¢ncer de orofaringe | Campanha Julho Verde,https://www.youtube.com/watch?v=KVdnECeT2yc,,Acesso em: 11/5/2024,Youtube,70
HIPOCAMPO E √ÅREAS DE MEM√ìRIA: Neuroanatomia Funcional (V√≠deo Aula) - Rog√©rio Souza,https://www.youtube.com/watch?v=Msc5lZlO180,,Acesso em: 11/5/2024,Youtube,71
FUN√á√ïES DO HIPOCAMPO: MEM√ìRIA EPIS√ìDICA | Neurodrops #1,https://www.youtube.com/watch?v=zRYtPfQZZ1Q,,Acesso em: 11/5/2024,Youtube,71
As fun√ß√µes da Am√≠gdala e do Hipocampo,https://www.youtube.com/watch?v=q9M6xrYLaKA,,Acesso em: 11/5/2024,Youtube,71
S√çNDROME DO T√öNEL DO CARPO DESSE JEITO VOC√ä VAI ENTENDER,https://www.youtube.com/watch?v=HmDjLW8TaTc,,Acesso em: 11/5/2024,Youtube,72
Ossos do Carpo - Como aprender sem decorar - Anatomia Humana,https://www.youtube.com/watch?v=KGexLtGWeL0,,Acesso em: 11/5/2024,Youtube,72
COMO GRAVAR OS OSSOS DO CARPO? Anatomia √≥ssea dos MMSS - (Parte 1/5),https://www.youtube.com/watch?v=NgqtXm8aPjg,,Acesso em: 11/5/2024,Youtube,72
APRENDA TODOS OS OSSOS DO CORPO EM 10 MINUTOS,https://www.youtube.com/watch?v=XKzLL-_IqUQ,,Acesso em: 11/5/2024,Youtube,73
OSSOS do ESQUELETO | Anatomia etc,https://www.youtube.com/watch?v=gQyoRHDNuuE,,Acesso em: 11/5/2024,Youtube,73
Sistema Esquel√©tico 2/5: Esqueleto Axial e Apendicular. ClassificacÃßaÃÉo dos Ossos,https://www.youtube.com/watch?v=hvhMfhFPdCI,,Acesso em: 11/5/2024,Youtube,73
Caracter√≠sticas dos Incisivos | ANATOMIA DENTAL,https://www.youtube.com/watch?v=YTnL6FzeEkc,,Acesso em: 11/5/2024,Youtube,74
Incisivo Central Superior - Teoria - Caracter√≠sticas Principais | Anatomia Dental,https://www.youtube.com/watch?v=6HBqgB7osHw,,Acesso em: 11/5/2024,Youtube,74
Incisivos Centrais. RestauracÃßoÃÉes em Resinas Compostas,https://www.youtube.com/watch?v=z9wmfn_WVLM,,Acesso em: 11/5/2024,Youtube,74
ELE SE PASSOU POR UM FACE PARA SALVAR A GENTE E NOS ARREPENDEMOS MUITO!,https://www.youtube.com/watch?v=NXqBpgm7y3Y,,Acesso em: 11/5/2024,Youtube,75
O FACE SUMIU COM A STEPHANY E NOS DESESPERAMOS! - CHOCANTE!,https://www.youtube.com/watch?v=E0GwrcfLdF4,,Acesso em: 11/5/2024,Youtube,75
"O ZAP VOLTOU E SE JUNTOU COM O FACE PRA ATACAR A MANS√ÉO RAFA E LUIZ!!! (3¬™ TEMPORADA, PARTE 21)",https://www.youtube.com/watch?v=Xl8osT1qKsA,,Acesso em: 11/5/2024,Youtube,75
TIME DO CABE√áA ( 7 ANO VS 9 ANO) INTERCLASSE,https://www.youtube.com/watch?v=G7Qt6YRSsKA,,Acesso em: 11/5/2024,Youtube,76
PSG VS BORUSSIA ( CHAMPIONS LEGUE SEMI FINAL ),https://www.youtube.com/watch?v=9kcfLP2Yjwk,,Acesso em: 11/5/2024,Youtube,76
A GRANDE FINAL ( TIME DO CABE√áA 7 ANO VS 3 ANO ),https://www.youtube.com/watch?v=84_U0np6C1w,,Acesso em: 11/5/2024,Youtube,76
O mito da corrida fren√©tica dos espermatozoides at√© o √≥vulo,https://www.youtube.com/watch?v=l3q15pOcl2g,,Acesso em: 11/5/2024,Youtube,77
√ìvulo leva 90 dias para amadurecer,https://www.youtube.com/watch?v=JDQPrIc0cPY,,Acesso em: 11/5/2024,Youtube,77
"OVULO MAS N√ÉO ENGRAVIDO, quais as raz√µes para ovular e n√£o engravidar | Tentante",https://www.youtube.com/watch?v=nXyHr8f_VYg,,Acesso em: 11/5/2024,Youtube,77
Sistema digest√≥rio: a√ß√£o da bile no duodeno,https://www.youtube.com/watch?v=daoQJunqcSQ,,Acesso em: 11/5/2024,Youtube,78
FUN√á√ÉO DA BILE - SISTEMA DIGESTIVO - ENEM 2018 LISTA 24   QUEST√ÉO 13,https://www.youtube.com/watch?v=Zs05fYi0mKc,,Acesso em: 11/5/2024,Youtube,78
Produ√ß√£o e Fun√ß√£o da #Bile  - *Via de elimina√ß√£o no intestino*,https://www.youtube.com/watch?v=BzE1JWhQLCI,,Acesso em: 11/5/2024,Youtube,78
QUER APOSTAR QUE HOJE VOC√ä APRENDE SOBRE OS M√öSCULOS DA FARINGE?,https://www.youtube.com/watch?v=sV4W156Xc0U,,Acesso em: 11/5/2024,Youtube,79
"Sistema Digest√≥rio 2/5 | Trato Gastrointestinal: Boca, Faringe, EsoÃÇfago e EstoÃÇmago",https://www.youtube.com/watch?v=9-y3RHT8Efo,,Acesso em: 11/5/2024,Youtube,79
"ANATOMIA DA FARINGE (NASOFARINGE, OROFARINGE E LARINGOFARINGE) - SISTEMA DIGEST√ìRIO",https://www.youtube.com/watch?v=doz_8resmnI,,Acesso em: 11/5/2024,Youtube,79
"Sistema Cardiovascular 4/6: Vasos SanguiÃÅneos (Veias, ArteÃÅrias e Capilares) | Anatomia e etc.",https://www.youtube.com/watch?v=yWZtY1grl6Q,,Acesso em: 11/5/2024,Youtube,80
Capilares Sangu√≠neos,https://www.youtube.com/watch?v=3xgxWUATEg8,,Acesso em: 11/5/2024,Youtube,80
"Microcircula√ß√£o (v√™nulas, capilares e l√≠quido intersticial) ‚Äì Fisiologia Humana",https://www.youtube.com/watch?v=wnxhMUJiVe4,,Acesso em: 11/5/2024,Youtube,80
Mude sua voz: use o palato!,https://www.youtube.com/watch?v=5Ih4WgYCLQs,,Acesso em: 11/5/2024,Youtube,81
Soltar a Voz nos AGUDOS com pot√™ncia e tirando a voz da garganta (Palato Mole),https://www.youtube.com/watch?v=DbU6NVXdk8Q,,Acesso em: 11/5/2024,Youtube,81
üî¥  COMO MUDAR A VOZ USANDO O PALATO MOLE - COMO CANTAR,https://www.youtube.com/watch?v=q08tM1vdXrU,,Acesso em: 11/5/2024,Youtube,81
Treino CARDIO para Iniciantes de apenas 10min - Carol Borba,https://www.youtube.com/watch?v=_TXE0lasdos,,Acesso em: 11/5/2024,Youtube,82
Sistema Digest√≥rio 3 - CaÃÅrdia,https://www.youtube.com/watch?v=uuCOCcJUFF8,,Acesso em: 11/5/2024,Youtube,82
Treino C√ÅRDIO de 5 Minutos para QUEIMAR as Gordurinhas da Barriga - Carol Borba,https://www.youtube.com/watch?v=ZHIL2ZaasDc,,Acesso em: 11/5/2024,Youtube,82
5 a seco - pra voceÃÇ dar o nome [OFICIAL],https://www.youtube.com/watch?v=dD6MedpQykI,,Acesso em: 11/5/2024,Youtube,83
Ceco - Tazi pesen e za teb/–¶–µ—Ü–æ - –¢–∞–∑–∏ –ø–µ—Å–µ–Ω –µ –∑–∞ —Ç–µ–± 4K NEW HIT,https://www.youtube.com/watch?v=gsu_5Vc5YXs,,Acesso em: 11/5/2024,Youtube,83
CECO I DANAILOV GROUP -&#39;&#39;NALI ZNAESH&#39;&#39;/–¶–ï–¶–û –ò –î–ê–ù–ê–ò–õ–û–í –ì–†–£–ü -&#39;&#39;–ù–ê–õ–ò –ó–ù–ê–ï–®&#39;&#39; (Official Video) 2024,https://www.youtube.com/watch?v=xp43CXAtW0I,,Acesso em: 11/5/2024,Youtube,83
Treino Completo de ANTEBRA√áO (Baseado Em Ci√™ncia),https://www.youtube.com/watch?v=-BKfKEujv0g,,Acesso em: 11/5/2024,Youtube,84
Quantos exerc√≠cios de antebra√ßo devo fazer?,https://www.youtube.com/watch?v=1Jy5rIMDt9o,,Acesso em: 11/5/2024,Youtube,84
COM ESSE M√âTODO VOC√ä IR√Å APRENDER TODOS OS M√öSCULOS DO ANTEBRA√áO.,https://www.youtube.com/watch?v=1akIEvqHD8o,,Acesso em: 11/5/2024,Youtube,84
O QUE √â A C√âLULA | Biologia com Samuel Cunha,https://www.youtube.com/watch?v=8Z0MdYoZzeM,,Acesso em: 11/5/2024,Youtube,85
CITOLOGIA: Introdu√ß√£o ao Mundo Microsc√≥pico das C√âLULAS,https://www.youtube.com/watch?v=I_KaAQV8hZw,,Acesso em: 11/5/2024,Youtube,85
TIPOS DE C√âLULAS (Tipos Celulares) | Biologia com Samuel Cunha,https://www.youtube.com/watch?v=-G7UzmBWzUo,,Acesso em: 11/5/2024,Youtube,85
POSICIONAMENTO: ROTINA F√äMUR,https://www.youtube.com/watch?v=N4FgoN3mLLc,,Acesso em: 11/5/2024,Youtube,86
DESCUBRA TUDO SOBRE OS DIFERENTES TIPOS DE IMPLANTES PARA FRATURAS DO F√äMUR!,https://www.youtube.com/watch?v=8UfAX-ldZj4,,Acesso em: 11/5/2024,Youtube,86
ANATOMIA DO F√äMUR - ESQUELETO APENDICULAR INFERIOR - PARTE LIVRE DO MEMBRO INFERIOR #2,https://www.youtube.com/watch?v=d6g4bQu0rUc,,Acesso em: 11/5/2024,Youtube,86
Aula 2 - Cora√ß√£o,https://www.youtube.com/watch?v=1YAiSp0QOZQ,,Acesso em: 11/5/2024,Youtube,87
"El CORAZ√ìN HUMANO: partes, aur√≠culas, ventr√≠culos, v√°lvulas, funciones (anatom√≠a)",https://www.youtube.com/watch?v=jzRWUHbMKlA,,Acesso em: 11/5/2024,Youtube,87
‚úÖ SISTEMA CARDIOVASCULAR | SISTEMA CIRCULAT√ìRIO DO CORA√á√ÉO,https://www.youtube.com/watch?v=3vrLzHCqG9o,,Acesso em: 11/5/2024,Youtube,87
Elimine O Cec√™ Nas Axilas - Acabe Com O Mau Cheiro Hoje - Dr. Rafael Freitas,https://www.youtube.com/watch?v=oGhVGFG5bEA,,Acesso em: 11/5/2024,Youtube,88
Coceira e vermelhid√£o nas Axilas - O que pode ser?,https://www.youtube.com/watch?v=qCKrKpt6viw,,Acesso em: 11/5/2024,Youtube,88
Manchas na virilha e axila: Como escurece e como cuidar? | Dica de Esteticista,https://www.youtube.com/watch?v=e9tt6NnKTXw,,Acesso em: 11/5/2024,Youtube,88
Exerc√≠cios para P√°lpebra Ca√≠da - Poss√≠veis sequelas de Paralisia Facial (Paralisia de Bell),https://www.youtube.com/watch?v=0B1BfDaw8LA,,Acesso em: 11/5/2024,Youtube,89
P√°lpebras Inchadas - 6 Causas de P√°lpebras Inchadas,https://www.youtube.com/watch?v=8KhcxjHiAa4,,Acesso em: 11/5/2024,Youtube,89
Inflama√ß√£o nas P√°lpebras - 4 Causas de Inflama√ß√£o nas P√°lpebras,https://www.youtube.com/watch?v=fC2EoejbkqY,,Acesso em: 11/5/2024,Youtube,89
8 Formas Para Aumentar a Produ√ß√£o de Esperma | Dr. Marco T√∫lio Cavalcanti,https://www.youtube.com/watch?v=KeivVL1zpgU,,Acesso em: 11/5/2024,Youtube,90
4 Formas de Aumentar o Volume de Esperma - Urologista Explica | Dr. Petronio Melo,https://www.youtube.com/watch?v=gUaI7HR6qG8,,Acesso em: 11/5/2024,Youtube,90
ESPERMA AMARELADO: voc√™ n√£o precisa se preocupar com isso!!!,https://www.youtube.com/watch?v=aKu0KJialFk,,Acesso em: 11/5/2024,Youtube,90
Anatomia da Pele - HIPODERME: Fun√ß√µes da gordura subcut√¢nea - Sistema Tegumentar - VideoAula 043,https://www.youtube.com/watch?v=AdGKSOVYMUI,,Acesso em: 11/5/2024,Youtube,91
"Anatomia da Pele - HIPODERME: Fun√ß√µes, Estruturas e Composi√ß√£o | AULA 03",https://www.youtube.com/watch?v=qmlAf5W6sI8,,Acesso em: 11/5/2024,Youtube,91
A Hipoderme! Fisiologia na Est√©tica - Parte 1 | Gabi Tuller,https://www.youtube.com/watch?v=HRxphxnGC7s,,Acesso em: 11/5/2024,Youtube,91
PaÃÇncreas: Sistema End√≥crino | Anatomia etc,https://www.youtube.com/watch?v=-SqlIkO4pgs,,Acesso em: 11/5/2024,Youtube,92
P√ÇNCREAS - Anatomia e Fun√ß√µes - Sistema end√≥crino e digest√≥rio | Biologia com Samuel Cunha,https://www.youtube.com/watch?v=mpKkB7PdnQ0,,Acesso em: 11/5/2024,Youtube,92
P√ÇNCREAS AT√â UMA CRIAN√áA DE 7 ANOS CONSEGUE ENTENDER,https://www.youtube.com/watch?v=8_ws43BtCxM,,Acesso em: 11/5/2024,Youtube,92
Desvio de Septo: Pode ser o grande culpado do seu Nariz Entupido!&quot;,https://www.youtube.com/watch?v=VcRrT-9vZbY,,Acesso em: 11/5/2024,Youtube,93
üî•Sintomas do Desvio de Septo nasal Causa. (Otorrino explica),https://www.youtube.com/watch?v=X1AhomKtWR4,,Acesso em: 11/5/2024,Youtube,93
O que √© Desvio de Septo? O que ele pode causar e como resolver? Assista o v√≠deo.,https://www.youtube.com/watch?v=uIf-bJeudN0,,Acesso em: 11/5/2024,Youtube,93
As 5 Li√ß√µes que Aprendi em 20 Anos Treinando Panturrilha,https://www.youtube.com/watch?v=emujvqD_Pq8,,Acesso em: 11/5/2024,Youtube,94
"Treino intenso para panturrilhas, sem academia #MiraAqui - Carol Borba",https://www.youtube.com/watch?v=FAv3_H1wM7s,,Acesso em: 11/5/2024,Youtube,94
Treino r√°pido de Panturrilhas - Carol Borba,https://www.youtube.com/watch?v=3IDeDmSyJUs,,Acesso em: 11/5/2024,Youtube,94
LIMPE O F√çGADO EM 10 DIAS!,https://www.youtube.com/watch?v=FI7Q6sMJNV8,,Acesso em: 11/5/2024,Youtube,95
SINTOMAS QUE SEU F√çGADO PODE N√ÉO ESTAR BEM (esteatose hep√°tica e cirrose),https://www.youtube.com/watch?v=IclT4IzPjU8,,Acesso em: 11/5/2024,Youtube,95
F√çGADO E SUAS FUN√á√ïES HEP√ÅTICAS,https://www.youtube.com/watch?v=r4lC40SsK4A,,Acesso em: 11/5/2024,Youtube,95
"Cavani faz gol ANTOL√ìGICO nos acr√©scimos, e Boca Jrs vence Trinidense | Melhores Momentos",https://www.youtube.com/watch?v=0l7Q-BYJvIU,,Acesso em: 11/5/2024,Youtube,96
"Lucero e Pikachu marcam dois cada, e Fortaleza supera o Boca no Castel√£o lotado | Melhores Momentos",https://www.youtube.com/watch?v=B1wypz8ST14,,Acesso em: 11/5/2024,Youtube,96
SPORTIVO TRINIDENSE X BOCA JUNIORS | MELHORES MOMENTOS | CONMEBOL SUDAMERICANA 2024,https://www.youtube.com/watch?v=pcVkh7j4fqQ,,Acesso em: 11/5/2024,Youtube,96
DESCOMPLICANDO AS CONEX√ïES DO HIPOT√ÅLAMO.,https://www.youtube.com/watch?v=CSGahEWzj9o,,Acesso em: 11/5/2024,Youtube,97
FUN√á√ïES DO HIPOT√ÅLAMO: VOC√ä SABE O QUE ESSA REGI√ÉO FAZ?,https://www.youtube.com/watch?v=1LZTsYyVSKg,,Acesso em: 11/5/2024,Youtube,97
HIPOT√ÅLAMO (V√≠deo Aula) - Neuroanatomia funcional com Rog√©rio Souza,https://www.youtube.com/watch?v=Hk-zViTxUqE,,Acesso em: 11/5/2024,Youtube,97
Treino de PEITO Completo (Baseado Na Ci√™ncia),https://www.youtube.com/watch?v=kxUk2RVtfL4,,Acesso em: 11/5/2024,Youtube,98
O treino de Peito PERFEITO,https://www.youtube.com/watch?v=C2TA3yRMUAM,,Acesso em: 11/5/2024,Youtube,98
DOR NO PEITO E INFARTO: QUANDO PROCURAR O M√âDICO?,https://www.youtube.com/watch?v=vI2FVKMot8M,,Acesso em: 11/5/2024,Youtube,98
Distribui√ß√£o de fotorreceptores na f√≥vea | Vis√£o | Khan Academy,https://www.youtube.com/watch?v=OmNtFmp0DQ8,,Acesso em: 11/5/2024,Youtube,99
Retina 5 | M√°cula e Furo estenopeico | Vis√£o central e perif√©rica √† F√≥vea | Multifocal,https://www.youtube.com/watch?v=aZxQkGlc_jA,,Acesso em: 11/5/2024,Youtube,99
Buraco Macular | Retina e V√≠treo,https://www.youtube.com/watch?v=GGakinwWYJk,,Acesso em: 11/5/2024,Youtube,99
"[hate5six] Torso - June 10, 2017",https://www.youtube.com/watch?v=_3ZWiN96ekU,,Acesso em: 11/5/2024,Youtube,100
Como desenhar o TORSO masculino - Sketch Cr√°s,https://www.youtube.com/watch?v=7WIQai4wORA,,Acesso em: 11/5/2024,Youtube,100
How to Draw the Torso | Simplify Anatomy,https://www.youtube.com/watch?v=qoZB9ieSVfs,,Acesso em: 11/5/2024,Youtube,100
"Sistema Digest√≥rio 14 - Anatomia do intestino delgado (duodeno, jejuno e √≠leo) - V√≠deo aula",https://www.youtube.com/watch?v=EjPAx1PLD7Q,,Acesso em: 11/5/2024,Youtube,101
"Biologia - Sistema Digest√≥rio: Jejuno, √çleo e Intestino Grosso",https://www.youtube.com/watch?v=iSB8Gut6P_8,,Acesso em: 11/5/2024,Youtube,101
Ileo biliar,https://www.youtube.com/watch?v=0wWiR5KuJIc,,Acesso em: 11/5/2024,Youtube,101
BA√áO: O QUE √â? QUAL SUA FUN√á√ÉO? POR QUE PODE AUMENTAR DE TAMANHO?,https://www.youtube.com/watch?v=JEtWxxdG6xw,,Acesso em: 11/5/2024,Youtube,102
O √ìRG√ÉO ESQUECIDO DO CORPO que pode te MATAR,https://www.youtube.com/watch?v=8jwvafrtot0,,Acesso em: 11/5/2024,Youtube,102
"BA√áO, QUAL √â A SUA FUN√á√ÉO?",https://www.youtube.com/watch?v=-7eILbvNQzo,,Acesso em: 11/5/2024,Youtube,102
Pablo Mar√ßal chora porque volta a chover forte no RS e a previs√£o √© que chover√° at√© segunda-feira,https://www.youtube.com/watch?v=8kfjTe0aa-A,,Acesso em: 11/5/2024,Youtube,103
Diogo Defante - Pelo | Ao Vivo em SP (abertura show Banda Inutilismo),https://www.youtube.com/watch?v=Uh1LZvgky4Q,,Acesso em: 11/5/2024,Youtube,103
Pelo sangue - Renascer Praise - Legendado,https://www.youtube.com/watch?v=EevMfxAlIOk,,Acesso em: 11/5/2024,Youtube,103
Ana Carolina -- Garganta - V√≠deo Oficial,https://www.youtube.com/watch?v=JfZltRl0P2A,,Acesso em: 11/5/2024,Youtube,104
Garganta,https://www.youtube.com/watch?v=3A2Ai_8A1PA,,Acesso em: 11/5/2024,Youtube,104
5 CAUSAS principais de sensa√ß√£o de BOLO OU ALGO PARADO NA GARGANTA / Dr. Paulo Mendes Jr Otorrino,https://www.youtube.com/watch?v=xt1KQlrrY9c,,Acesso em: 11/5/2024,Youtube,104
Sistema esquel√©tico: Sacro e CoÃÅccix,https://www.youtube.com/watch?v=p6HkSKtNj58,,Acesso em: 11/5/2024,Youtube,105
"DOR LOMBAR, Nunca Mais - SACRO e Articula√ß√£o Sacroil√≠aca",https://www.youtube.com/watch?v=UHgC9S9Wjeo,,Acesso em: 11/5/2024,Youtube,105
ANATOMIA DO SACRO por Dra Walkyria Fernandes,https://www.youtube.com/watch?v=SEU1RryDrdM,,Acesso em: 11/5/2024,Youtube,105
"CEREBELO: Anatomia, Divis√µes e Fun√ß√µes - Rog√©rio Souza",https://www.youtube.com/watch?v=p00Ri_CCUFw,,Acesso em: 11/5/2024,Youtube,106
√Åreas e Fun√ß√µes do CEREBELO (Anatomia em 3D)  #MiniCurso 7/10,https://www.youtube.com/watch?v=mZ19rRdxN7c,,Acesso em: 11/5/2024,Youtube,106
FUN√á√ïES DO CEREBELO - Motoras e Cognitivas - Neuroanatomia com Rog√©rio Souza,https://www.youtube.com/watch?v=ITTEGz3q-N0,,Acesso em: 11/5/2024,Youtube,106
Retra√ß√£o ou Afastamento Gengival: Op√ß√µes de Tratamento | Dra. Mariana Zeitune,https://www.youtube.com/watch?v=j3eGOQPapRw,,Acesso em: 11/5/2024,Youtube,107
Recess√£o gengival: 11 Dicas Profissionais para prevenir e parar retra√ß√£o de gengiva,https://www.youtube.com/watch?v=-RIrM-3y7gs,,Acesso em: 11/5/2024,Youtube,107
2 Dicas Matadoras para (ACABAR DE VEZ) com a Retra√ß√£o Gengiva!!,https://www.youtube.com/watch?v=kNXRM-brTyM,,Acesso em: 11/5/2024,Youtube,107
Sistema respiratoÃÅrio: TraqueÃÅia e broÃÇnquios,https://www.youtube.com/watch?v=u4BcfAPCAeE,,Acesso em: 11/5/2024,Youtube,108
Sistema Respirat√≥rio 11 - Anatomia e histologia da traqueia - V√≠deo-aula,https://www.youtube.com/watch?v=J36qk97oYE4,,Acesso em: 11/5/2024,Youtube,108
Sistema Respirat√≥rio - Traqueia,https://www.youtube.com/watch?v=7OvgxVpHaQ8,,Acesso em: 11/5/2024,Youtube,108
O poder do INTESTINO como SEGUNDO C√âREBRO,https://www.youtube.com/watch?v=ymGGsMMQZxM,,Acesso em: 11/5/2024,Youtube,109
O C√âREBRO HUMANO COMO VOC√ä NUNCA ESTUDOU!,https://www.youtube.com/watch?v=xx8dKwRtvM8,,Acesso em: 11/5/2024,Youtube,109
O c√©rebro para crian√ßas - O que √© e como funciona?,https://www.youtube.com/watch?v=NU5zA9sOWxk,,Acesso em: 11/5/2024,Youtube,109
"PEL√â ‚Ä¢ Melhores Gols, Dribles e Passes",https://www.youtube.com/watch?v=ioA0DwrriWM,,Acesso em: 11/5/2024,Youtube,110
3 dicas de como cuidar da pele que eu gostaria de ter aprendido antes,https://www.youtube.com/watch?v=WXCWN4x0y74,,Acesso em: 11/5/2024,Youtube,110
O QU√ÉO BOM ERA O PEL√â?,https://www.youtube.com/watch?v=bkNgg0mFhls,,Acesso em: 11/5/2024,Youtube,110
Treino de triceps *as 3 cabe√ßas*,https://www.youtube.com/watch?v=uXGY7rb0vCA,,Acesso em: 11/5/2024,Youtube,111
Treino de TR√çCEPS COMPLETO Para Crescer As Tr√™s Cabe√ßas (Baseado Na Ci√™ncia),https://www.youtube.com/watch?v=uH3Aa6iX_lo,,Acesso em: 11/5/2024,Youtube,111
Por isso seu bra√ßo PARECE FINO | Treino Cabe√ßa Longa do Tr√≠ceps,https://www.youtube.com/watch?v=SNzGAJfBwnY,,Acesso em: 11/5/2024,Youtube,111
Quais os benef√≠cios do CH√Å DE CANELA | Dr Juliano Teles,https://www.youtube.com/watch?v=40ufurRNKiU,,Acesso em: 11/5/2024,Youtube,112
Benef√≠cios da Canela - Para Que Serve? Emagrece? E o Ch√°? [DICAS],https://www.youtube.com/watch?v=aujDMBgGE38,,Acesso em: 11/5/2024,Youtube,112
Benef√≠cios da CANELA,https://www.youtube.com/watch?v=nzHYAFqaZ74,,Acesso em: 11/5/2024,Youtube,112
At√© Quando o P√™nis Cresce? | Dr.  Marco T√∫lio Cavalcanti,https://www.youtube.com/watch?v=28wkjFBoRsg,,Acesso em: 11/5/2024,Youtube,113
10 Cuidados com o P√™nis | Dr.  Marco T√∫lio Cavalcanti - Andrologista,https://www.youtube.com/watch?v=1Qn_EdqBB18,,Acesso em: 11/5/2024,Youtube,113
"P√™nis embutido: causas, consequ√™ncias e tratamentos | Dr. Marco T√∫lio Cavalcanti",https://www.youtube.com/watch?v=BAD8wkSgpg4,,Acesso em: 11/5/2024,Youtube,113
ü©∏Conversa Vermelha: o COLO DO √öTERO/C√âRVIX,https://www.youtube.com/watch?v=SrNEmv9ZIl0,,Acesso em: 11/5/2024,Youtube,114
Treinamento em IA: passagem dos an√©is cervicais em c√©rvix artificial,https://www.youtube.com/watch?v=2_rJ6Cq3rR8,,Acesso em: 11/5/2024,Youtube,114
How to Find and Measure Your Cervix,https://www.youtube.com/watch?v=ch_98SdvmV0,,Acesso em: 11/5/2024,Youtube,114
COMO COLOCAR C√çLIOS POSTI√áO E DEIXAR POR 10 DIAS? LOOK FRANCES,https://www.youtube.com/watch?v=cSJ-iQkSwKk,,Acesso em: 11/5/2024,Youtube,115
"‚úÖEXTENS√ÉO DE C√çLIOS PARA CADA TIPO DE OLHO | Fio a Fio, Volume Russo, Volume Brasileiro e mais",https://www.youtube.com/watch?v=4cuRVgAv63s,,Acesso em: 11/5/2024,Youtube,115
‚úÖ EXTENS√ÉO DE C√çLIOS EM CAMADAS | Passo a Passo para Iniciantes,https://www.youtube.com/watch?v=_9FZ3GQR0kE,,Acesso em: 11/5/2024,Youtube,115
DESAFIO 8 Minutos para Afinar a Cintura em Casa | Treino sem Equipamento - Carol Borba,https://www.youtube.com/watch?v=_0765gpf5T0,,Acesso em: 11/5/2024,Youtube,116
Diminuir a Cintura em Casa I Desafio de 10 dias,https://www.youtube.com/watch?v=sRu0reFD3o0,,Acesso em: 11/5/2024,Youtube,116
15 PASSOS PARA AFINAR SUA CINTURA R√ÅPIDO E F√ÅCIL! üèãÔ∏è‚Äç‚ôÄÔ∏è | DICAS PARA TER A CINTURA FINA,https://www.youtube.com/watch?v=Lg14ZZBxNRk,,Acesso em: 11/5/2024,Youtube,116
"Gl√¢ndulas Ex√≥crinas, End√≥crinas e Mistas - Tecido Epitelial Glandular - Histologia Animal",https://www.youtube.com/watch?v=ht2CQGIC7gk,,Acesso em: 11/5/2024,Youtube,117
Histologia: Tecido Epitelial Glandular. Videoaula | Anatomia e etc,https://www.youtube.com/watch?v=L0etCFznBFw,,Acesso em: 11/5/2024,Youtube,117
"Gl√¢ndulas Ex√≥crinas, End√≥crinas e Mistas",https://www.youtube.com/watch?v=hadejat-JvM,,Acesso em: 11/5/2024,Youtube,117
"Causas, sintomas e tratamentos de infec√ß√£o urin√°ria - Vida Melhor - 03/04/2018",https://www.youtube.com/watch?v=MYEgfMVERuM,,Acesso em: 11/5/2024,Youtube,118
Infec√ß√£o urin√°ria em mulheres: TIPOS e SINTOMAS,https://www.youtube.com/watch?v=Vqly9TN7GHU,,Acesso em: 11/5/2024,Youtube,118
Voc√™ e o Doutor: Tire suas d√∫vidas sobre infec√ß√£o urin√°ria,https://www.youtube.com/watch?v=ASDW_Iobn1A,,Acesso em: 11/5/2024,Youtube,118
Sintomas da InfeccÃßaÃÉo UrinaÃÅria [SINAIS PERIGOSOS],https://www.youtube.com/watch?v=WbjB2vvQ-T0,,Acesso em: 11/5/2024,Youtube,118
INFEC√á√ÉO HOSPITALAR: A culpa √© Sua,https://www.youtube.com/watch?v=g2UhAikq80c,,Acesso em: 11/5/2024,Youtube,118
Como diferenciar uma IST de uma infec√ß√£o urin√°ria?,https://www.youtube.com/watch?v=NrkWyUMNcpU,,Acesso em: 11/5/2024,Youtube,118
INFEC√á√ÉO dos RINS: o que √© pielonefrite? O que causa? Quais os sintomas? Como tratar?,https://www.youtube.com/watch?v=PuRGmoN8tG8,,Acesso em: 11/5/2024,Youtube,118
Cranberries no Tratamento de Infec√ß√£o Urinaria,https://www.youtube.com/watch?v=Fo8Q4CzaKHg,,Acesso em: 11/5/2024,Youtube,118
Infec√ß√£o urin√°ria ou CISTITE? Quais as diferen√ßas? Quais os sintomas? Como saber?,https://www.youtube.com/watch?v=NY2iYA0MIqI,,Acesso em: 11/5/2024,Youtube,118
"InfeccÃß√£o Urin√°ria: Sintomas, Diagn√≥stico e Tratamento | Explica√ß√£o do Especialista",https://www.youtube.com/watch?v=BxTvZPJAf9Y,,Acesso em: 11/5/2024,Youtube,118
Saiba como prevenir infec√ß√µes causadas por bact√©rias,https://www.youtube.com/watch?v=UVTH7JbcR5U,,Acesso em: 11/5/2024,Youtube,118
7 Sinais que Voc√™ Pode Ter uma Infec√ß√£o Ocular,https://www.youtube.com/watch?v=rgVAS7jnJGc,,Acesso em: 11/5/2024,Youtube,118
Inflama√ß√£o x Infec√ß√£o: qual a diferen√ßa?,https://www.youtube.com/watch?v=kuVhUrpe1Fc,,Acesso em: 11/5/2024,Youtube,118
Infec√ß√£o Urin√°ria e Cistite | O que comer para Curar e Evitar,https://www.youtube.com/watch?v=67w1LXPBy08,,Acesso em: 11/5/2024,Youtube,118
Infec√ß√£o Urin√°ria ou Doen√ßa Sexualmente Transmiss√≠vel (DST),https://www.youtube.com/watch?v=ZFxh5ZV5eto,,Acesso em: 11/5/2024,Youtube,118
INFEC√á√ÉO HOSPITALAR X INFEC√á√ÉO COMUNIT√ÅRIA: QUAL A DIFEREN√áA? | Prof¬™ Juliana Mello,https://www.youtube.com/watch?v=X61Q5yk6TCU,,Acesso em: 11/5/2024,Youtube,118
Infec√ß√£o urin√°ria - sintomas,https://www.youtube.com/watch?v=mWxvyjSCZUs,,Acesso em: 11/5/2024,Youtube,118
"TUDO QUE VOC√ä PRECISA SABER SOBRE INFEC√á√ÉO DE OUVIDO, NARIZ E GARGANTA",https://www.youtube.com/watch?v=eFl72zuUHGQ,,Acesso em: 11/5/2024,Youtube,118
Como Prevenir Infec√ß√£o Urin√°ria no Idoso,https://www.youtube.com/watch?v=57zvnoUw37g,,Acesso em: 11/5/2024,Youtube,118
Infec√ß√£o Hospitalar / O que √© CCIH? Comiss√£o de Controle de Infec√ß√£o Hospitalar #79,https://www.youtube.com/watch?v=ojC86IR5Uak,,Acesso em: 11/5/2024,Youtube,118
Como tratar a infec√ß√£o urin√°ria de repeti√ß√£o | Dr Juliano Teles,https://www.youtube.com/watch?v=cTwYkDzbuOI,,Acesso em: 11/5/2024,Youtube,118
Infec√ß√£o urin√°ria atinge metade das mulheres; veja como se prevenir e tratar,https://www.youtube.com/watch?v=35F5Pv2T__s,,Acesso em: 11/5/2024,Youtube,118
Antibi√≥ticos no tratamento de infec√ß√£o ortop√©dica | Dr. M√°rio Soares,https://www.youtube.com/watch?v=Vg21ap22mRg,,Acesso em: 11/5/2024,Youtube,118
Infec√ß√£o viral e bacteriana | Dr. Salim CRM 43.163,https://www.youtube.com/watch?v=Wne8VmNki14,,Acesso em: 11/5/2024,Youtube,118
Da imunidade √† mente: a import√¢ncia dos micr√≥bios intestinais,https://www.youtube.com/watch?v=d2TZNhz2KHo,,Acesso em: 11/5/2024,Youtube,119
Por que CUIDAR do INTESTINO?,https://www.youtube.com/watch?v=bvRSFi9A4sw,,Acesso em: 11/5/2024,Youtube,119
O poder do INTESTINO como SEGUNDO C√âREBRO,https://www.youtube.com/watch?v=ymGGsMMQZxM,,Acesso em: 11/5/2024,Youtube,119
O Tamanho do Clit√≥ris Importa?,https://www.youtube.com/watch?v=hrYNlgaEbBQ,,Acesso em: 11/5/2024,Youtube,120
Os segredos sobre o clit√≥ris,https://www.youtube.com/watch?v=zcmyDhuRYcg,,Acesso em: 11/5/2024,Youtube,120
Onde fica o clitoÃÅris? E como estimular para chegar ao orgasmo feminino,https://www.youtube.com/watch?v=YU_W057GRdY,,Acesso em: 11/5/2024,Youtube,120
O QUE NUNCA TE CONTARAM SOBRE GORDURA TRANS,https://www.youtube.com/watch?v=JWhqE4RO8B4,,Acesso em: 11/5/2024,Youtube,121
"PERDER GORDURA E GANHAR MASSA MUSCULAR AO MESMO TEMPO, √â POSS√çVEL ?",https://www.youtube.com/watch?v=zqPA_xfQlVw,,Acesso em: 11/5/2024,Youtube,121
Como calcular gorduras na dieta,https://www.youtube.com/watch?v=c4OMdreBQks,,Acesso em: 11/5/2024,Youtube,121
Qual a diferen√ßa entre tumor maligno e tumor benigno?,https://www.youtube.com/watch?v=2A6nkywno_g,,Acesso em: 11/5/2024,Youtube,122
Qual a diferen√ßa entre grau do tumor e estadiamento do tumor?,https://www.youtube.com/watch?v=7R4-IURv6DA,,Acesso em: 11/5/2024,Youtube,122
TUMOR CEREBRAL: COMO DESCOBRIR CEDO? PRIMEIROS SINTOMAS?,https://www.youtube.com/watch?v=7UUosQPLG5Q,,Acesso em: 11/5/2024,Youtube,122
Goo Goo Dolls - Iris (Lyrics),https://www.youtube.com/watch?v=nYrEL9ecAWA,,Acesso em: 11/5/2024,Youtube,123
Goo Goo Dolls -  Iris (legendado),https://www.youtube.com/watch?v=XTGnMJEP3a8,,Acesso em: 11/5/2024,Youtube,123
"Goo Goo Dolls - Iris [Official Live In Buffalo, NY]",https://www.youtube.com/watch?v=_HZM0QiuUS8,,Acesso em: 11/5/2024,Youtube,123
Hemoglobina,https://www.youtube.com/watch?v=xqG6-Zyjo9U,,Acesso em: 11/5/2024,Youtube,124
3 motivos pelos quais a hemoglobina sobe!,https://www.youtube.com/watch?v=hhoSVRrPxCc,,Acesso em: 11/5/2024,Youtube,124
Hemoglobina e satura√ß√£o - Aula 22 - M√≥dulo 7: Fisiologia Humana,https://www.youtube.com/watch?v=lNXzTbSpnZA,,Acesso em: 11/5/2024,Youtube,124
ANATOMIA do √öMERO: acidentes √≥sseos e inser√ß√µes musculares,https://www.youtube.com/watch?v=Qwi5J1d1IxQ,,Acesso em: 11/5/2024,Youtube,125
√ömero,https://www.youtube.com/watch?v=lxOuNB1ORpw,,Acesso em: 11/5/2024,Youtube,125
DETALHES QUE FAZEM TODA DIFEREN√áA! HOJE VOC√ä IR√Å CONHECER O √öMERO DE VERDADE!,https://www.youtube.com/watch?v=pHKRUKf46Ck,,Acesso em: 11/5/2024,Youtube,125
7 ERROS NA HORA DE ESMALTAR AS UNHAS + DICAS EXTRAS,https://www.youtube.com/watch?v=qrQ-uHQhNLw,,Acesso em: 11/5/2024,Youtube,126
10 INSPIRA√á√ïES DE UNHAS,https://www.youtube.com/watch?v=wvy7S9sOLEc,,Acesso em: 11/5/2024,Youtube,126
UNHAS DE FIBRA R√ÅPIDA E F√ÅCIL,https://www.youtube.com/watch?v=xzugjpqvNlA,,Acesso em: 11/5/2024,Youtube,126
ANATOMIA DO URETER BEXIGA E URETRA (ANATOMIA HUMANA) - SISTEMA URIN√ÅRIO / EXCRETOR,https://www.youtube.com/watch?v=ENlaS_47tPE,,Acesso em: 11/5/2024,Youtube,127
"Histologia do Sistema Urin√°rio: Ureter, Bexiga e Uretra",https://www.youtube.com/watch?v=WWhi5yMjP9g,,Acesso em: 11/5/2024,Youtube,127
C√ÅLCULO OBSTRUTIVO NA URETRA PROST√ÅTICA,https://www.youtube.com/watch?v=d7_XvjtREmU,,Acesso em: 11/5/2024,Youtube,127
Dr.¬™ Luciana Garolla - Como funciona a c√≥clea?,https://www.youtube.com/watch?v=2_UgZNzCeX0,,Acesso em: 11/5/2024,Youtube,128
Implante coclear: Alternativa para casos de perda de audi√ß√£o,https://www.youtube.com/watch?v=K7YpOpnMx5s,,Acesso em: 11/5/2024,Youtube,128
COCLEA,https://www.youtube.com/watch?v=0sRdaHrl3E0,,Acesso em: 11/5/2024,Youtube,128
H√≠men Complacente,https://www.youtube.com/watch?v=k84uTWyCFbA,,Acesso em: 11/5/2024,Youtube,129
O h√≠men  e o mito da virgindade,https://www.youtube.com/watch?v=WfVr8Y9O0M4,,Acesso em: 11/5/2024,Youtube,129
Tipos de H√≠men,https://www.youtube.com/watch?v=4cPOKJlTRG8,,Acesso em: 11/5/2024,Youtube,129
Doen√ßa Diverticular do C√≥lon,https://www.youtube.com/watch?v=sDG3gOuw-WE,,Acesso em: 11/5/2024,Youtube,130
"C√¢ncer de C√≥lon - causas, sintomas e tratamento",https://www.youtube.com/watch?v=bCdJFLVDi6s,,Acesso em: 11/5/2024,Youtube,130
COMO AGE O C√ÇNCER DO INTESTINO GROSSO? (C√ÇNCER DE C√ìLON!),https://www.youtube.com/watch?v=FjYnlhm6ZQI,,Acesso em: 11/5/2024,Youtube,130
Anderson Freire - Cora√ß√£o Valente (Clipe Oficial MK Music em HD),https://www.youtube.com/watch?v=Hi9y53ymQO4,,Acesso em: 11/5/2024,Youtube,131
Mar√≠lia Mendon√ßa &amp; Maiara e Maraisa - Cora√ß√£o Bandido (Official Music Video),https://www.youtube.com/watch?v=lxcpH6kvnmg,,Acesso em: 11/5/2024,Youtube,131
Roberto Carlos - Cora√ß√£o (√Åudio Oficial),https://www.youtube.com/watch?v=xbkrcoxIC7w,,Acesso em: 11/5/2024,Youtube,131
ANATOMIA DO URETER BEXIGA E URETRA (ANATOMIA HUMANA) - SISTEMA URIN√ÅRIO / EXCRETOR,https://www.youtube.com/watch?v=ENlaS_47tPE,,Acesso em: 11/5/2024,Youtube,132
Sistema Urin√°rio - Ureteres,https://www.youtube.com/watch?v=EXfPXyeMYpI,,Acesso em: 11/5/2024,Youtube,132
Qual o tamanho do canal do ureter?,https://www.youtube.com/watch?v=iEhSI4G3Z9c,,Acesso em: 11/5/2024,Youtube,132
MIOMA NO √öTERO: QUANDO SE PREOCUPAR?,https://www.youtube.com/watch?v=Gr6zhZjJ9KE,,Acesso em: 11/5/2024,Youtube,133
"C√¢ncer de √∫tero: principais sintomas, diagn√≥stico e tratamento",https://www.youtube.com/watch?v=Upcp0KLJkgQ,,Acesso em: 11/5/2024,Youtube,133
Quais os sintomas do C√ÇNCER DE COLO DE √öTERO?,https://www.youtube.com/watch?v=UkS6w9KXaAY,,Acesso em: 11/5/2024,Youtube,133
Revestimentos do Tecido √ìsseo - Peri√≥steo e End√≥steo - Tecido √ìsseo - Histologia Animal,https://www.youtube.com/watch?v=QKk1FuVIf6Y,,Acesso em: 11/5/2024,Youtube,134
AULATOMIA #19 - Peri√≥steo (Sistema Esquel√©tico Aula 6),https://www.youtube.com/watch?v=OBOfO_mamnc,,Acesso em: 11/5/2024,Youtube,134
Tudo Sobre Fraturas - Peri√≥steo e o End√≥steo fazem seu osso colar - AULA 3,https://www.youtube.com/watch?v=Mqm-ZjCS00U,,Acesso em: 11/5/2024,Youtube,134
Transplante de C√ìRNEA - C√¢mera Opticam,https://www.youtube.com/watch?v=T9YIwLtzKzs,,Acesso em: 11/5/2024,Youtube,135
C√ìRNEA - O SUPER PODER DA C√ìRNEA | S√©rie Anatomia Ocular,https://www.youtube.com/watch?v=V5NofNxzVr8,,Acesso em: 11/5/2024,Youtube,135
CoÃÅrnea Fina,https://www.youtube.com/watch?v=zzvCvawzeuw,,Acesso em: 11/5/2024,Youtube,135
√öVEA - Vamos entender a √∫vea,https://www.youtube.com/watch?v=L8sEOh-GF2w,,Acesso em: 11/5/2024,Youtube,136
√övea,https://www.youtube.com/watch?v=L0iF4ONuJMM,,Acesso em: 11/5/2024,Youtube,136
Como diagnosticar a causa de uma uve√≠te na oftalmologia veterin√°ria?,https://www.youtube.com/watch?v=_HJmik1f1T4,,Acesso em: 11/5/2024,Youtube,136
üò± DESCOBRI A BURLA ROUBADA DO NOVO EMOTE ESPECIAL DO ESCUDO NO STUMBLE GUYS! üî• ‚Äπ KHORTEX ‚Ä∫,https://www.youtube.com/watch?v=-uiRZAwAjBM,,Acesso em: 11/5/2024,Youtube,137
SOCORRO! AGORA O PROPOLIS INVADIU A MINHA CONTA NO STUMBLE GUYS! ‚Äπ KHORTEX ‚Ä∫,https://www.youtube.com/watch?v=3fUN4gVjFno,,Acesso em: 11/5/2024,Youtube,137
C√ìRTEX CEREBRAL (Anatomia em 3D) - Rog√©rio Souza #Minicurso #Dia2,https://www.youtube.com/watch?v=RP4KX1L0Qj4,,Acesso em: 11/5/2024,Youtube,137
Duodeno - Anatomia e fun√ß√µes,https://www.youtube.com/watch?v=TDSVGJyu5DM,,Acesso em: 11/5/2024,Youtube,138
"Sistema Digest√≥rio 14 - Anatomia do intestino delgado (duodeno, jejuno e √≠leo) - V√≠deo aula",https://www.youtube.com/watch?v=EjPAx1PLD7Q,,Acesso em: 11/5/2024,Youtube,138
Biologia - Sistema Digest√≥rio: Duodeno,https://www.youtube.com/watch?v=WIQckXLRIDc,,Acesso em: 11/5/2024,Youtube,138
QUAL A FUN√á√ÉO DA √öVULA? PRA QUE SERVE A √öVULA? | MK Fisiologia,https://www.youtube.com/watch?v=xINFaJJx4fI,,Acesso em: 11/5/2024,Youtube,139
"√övula /sininho/ campainha da garganta est√° inchada, o que pode ser?",https://www.youtube.com/watch?v=bnlMDpG56ZU,,Acesso em: 11/5/2024,Youtube,139
√öVULA | ODONTO DICAS,https://www.youtube.com/watch?v=JUNwiEzknPY,,Acesso em: 11/5/2024,Youtube,139
Treino EXPLODE PERNAS na CHUVA! - Carol Borba,https://www.youtube.com/watch?v=AApy0QVb6z0,,Acesso em: 11/5/2024,Youtube,140
TREINO COMPLETO DE PERNAS | COMO CRESCER SUAS PERNAS R√ÅPIDO,https://www.youtube.com/watch?v=zvqvyeadsN4,,Acesso em: 11/5/2024,Youtube,140
O SEGREDO PARA FAZER AS PERNAS CRESCEREM,https://www.youtube.com/watch?v=-eody4KiVzs,,Acesso em: 11/5/2024,Youtube,140
VAGINA - Saiba mais sobre a sua.,https://www.youtube.com/watch?v=4kjZpXr69UQ,,Acesso em: 11/5/2024,Youtube,141
Mau cheiro na vagina? / Dra Roberta Gomes,https://www.youtube.com/watch?v=05WQFIoidWs,,Acesso em: 11/5/2024,Youtube,141
Por que os LACTOBACILOS s√£o t√£o importantes pra vagina?,https://www.youtube.com/watch?v=1Aip-w0ncxM,,Acesso em: 11/5/2024,Youtube,141
Do Big Bang ao FETICHE por P√âS,https://www.youtube.com/watch?v=fnDC183i9VM,,Acesso em: 11/5/2024,Youtube,142
GANHEI DE UM PROFISSIONAL? - PES 2020,https://www.youtube.com/watch?v=B77FQjm21vc,,Acesso em: 11/5/2024,Youtube,142
ACABE com P√âS RACHADOS E SECOS em 1 APLICA√á√ÉO!,https://www.youtube.com/watch?v=uTC-fOoaFyo,,Acesso em: 11/5/2024,Youtube,142
"Descubra o Segredo das V√°lvulas de Processo: Esfera, Borboleta, Gaveta e Globo - Controle de Fluidos",https://www.youtube.com/watch?v=IF0r5zaO8jg,,Acesso em: 11/5/2024,Youtube,143
V√°lvulas solenoides | A beleza da engenharia,https://www.youtube.com/watch?v=vRFiyr5IiC4,,Acesso em: 11/5/2024,Youtube,143
Simbologia V√°lvulas Direcionais (Parte 02),https://www.youtube.com/watch?v=zx0iUVTbAkQ,,Acesso em: 11/5/2024,Youtube,143
6 curiosidades sobre a VULVA,https://www.youtube.com/watch?v=xwHQk-n8tf0,,Acesso em: 11/5/2024,Youtube,144
"Doutora, minha vulva √© normal?",https://www.youtube.com/watch?v=z5h42Latbz0,,Acesso em: 11/5/2024,Youtube,144
Conhe√ßa melhor a sua vulva,https://www.youtube.com/watch?v=e8wX1lM6drQ,,Acesso em: 11/5/2024,Youtube,144
Sistema RespiratoÃÅrio 4/6: Anatomia dos PulmoÃÉes | Anatomia e etc,https://www.youtube.com/watch?v=M0zRrqGgVb4,,Acesso em: 11/5/2024,Youtube,145
"PULM√ïES - Paulo Nazareth (feat. Os Arrais, Marcos Almeida) - Lyric V√≠deo Oficial",https://www.youtube.com/watch?v=JmO_r9tvdhM,,Acesso em: 11/5/2024,Youtube,145
Minuto da Anatomia #21: Anatomia dos Pulm√µes - Sistema Respirat√≥rio,https://www.youtube.com/watch?v=6Ij2SocSOOQ,,Acesso em: 11/5/2024,Youtube,145
"Sistema Digest√≥rio 14 - Anatomia do intestino delgado (duodeno, jejuno e √≠leo) - V√≠deo aula",https://www.youtube.com/watch?v=EjPAx1PLD7Q,,Acesso em: 11/5/2024,Youtube,146
"Biologia - Sistema Digest√≥rio: Jejuno, √çleo e Intestino Grosso",https://www.youtube.com/watch?v=iSB8Gut6P_8,,Acesso em: 11/5/2024,Youtube,146
"SISTEMA DIGEST√ìRIO: Intestino Delgado (Duodeno, Jejuno e √çleo)",https://www.youtube.com/watch?v=0pSnVBsQIXA,,Acesso em: 11/5/2024,Youtube,146
Aula de Viol√£o: Esse √© o SEGREDO de COMO FAZER PESTANA sem sofrer üò© ( o jeito mais f√°cil üëç ),https://www.youtube.com/watch?v=6GW9Ylrb78M,,Acesso em: 11/5/2024,Youtube,147
PESTANA - Como fazer - 3 Passos para desbloquear - Fa√ßa isso 5 dias,https://www.youtube.com/watch?v=VyapU1sViu8,,Acesso em: 11/5/2024,Youtube,147
Domine PESTANAS em 1 semana (5 minutos por dia)!,https://www.youtube.com/watch?v=9mft2MBvQYg,,Acesso em: 11/5/2024,Youtube,147
Veias e Art√©rias: Quais diferen√ßas?,https://www.youtube.com/watch?v=vP88X4QzSB0,,Acesso em: 11/5/2024,Youtube,148
Voc√™ sabe o que s√£o ART√âRIAS e VEIAS?,https://www.youtube.com/watch?v=pgFfBmeZID4,,Acesso em: 11/5/2024,Youtube,148
Veias - Prof. Kennedy Ramos.,https://www.youtube.com/watch?v=WMgrYRbvU_4,,Acesso em: 11/5/2024,Youtube,148
TCHAU DOR NO JOELHO!,https://www.youtube.com/watch?v=vB4koF8uElY,,Acesso em: 11/5/2024,Youtube,149
Exerc√≠cios p/ FORTALECER O JOELHO em casa  - N√≠vel 0 - T√©cnicas simples p/ atrites e condropatias,https://www.youtube.com/watch?v=i3dNhtvTJQ4,,Acesso em: 11/5/2024,Youtube,149
DOR NA FRENTE DO JOELHO: O QUE PODE SER?,https://www.youtube.com/watch?v=YZ3cNyZaf8k,,Acesso em: 11/5/2024,Youtube,149
ACHADOS DE ESTENOSE HIPERTR√ìFICA DE PILORO NO ULTRASSOM,https://www.youtube.com/watch?v=oZLuJxgCHuM,,Acesso em: 11/5/2024,Youtube,150
DIAGN√ìSTICO DE ESTENOSE HIPERTR√ìFICA DO PILORO AO USG,https://www.youtube.com/watch?v=pQYe40DfpUw,,Acesso em: 11/5/2024,Youtube,150
Estenose Hipertr√≥fica do Piloro a EHP | MACETES DE M√ÉE,https://www.youtube.com/watch?v=qXyI6pByNkY,,Acesso em: 11/5/2024,Youtube,150
Anatomia dos Ventr√≠culos Cerebrais em 3D,https://www.youtube.com/watch?v=yooInXA-sNE,,Acesso em: 11/5/2024,Youtube,151
Os Ventr√≠culos do Enc√©falo e suas divis√µes [4K] - Neuroanatomia,https://www.youtube.com/watch?v=a8BqHPJBUZE,,Acesso em: 11/5/2024,Youtube,151
Neuroanatomia - Ventr√≠culos e L√≠quor - Prof. Celimara,https://www.youtube.com/watch?v=LbVWrLfWmvg,,Acesso em: 11/5/2024,Youtube,151
PULSO e FREQU√äNCIA CARD√çACA | Sinais Vitais Ep.01,https://www.youtube.com/watch?v=bmm4f90H6YQ,,Acesso em: 11/5/2024,Youtube,152
Pulso (Sinais Vitais - Fundamentos de Enfermagem) - Prof¬™ Juliana Mello,https://www.youtube.com/watch?v=6hbMg7lidB4,,Acesso em: 11/5/2024,Youtube,152
N√ÉO CONFUNDA PULSO COM FREQU√äNCIA CARD√çACA,https://www.youtube.com/watch?v=Bxkt4Ehs-QI,,Acesso em: 11/5/2024,Youtube,152
HipoÃÅfise: Sistema EndoÃÅcrino | Anatomia e etc,https://www.youtube.com/watch?v=4dtyvpswmhE,,Acesso em: 11/5/2024,Youtube,153
HIP√ìFISE - Suas fun√ß√µes e principais doen√ßas,https://www.youtube.com/watch?v=__UfJHiG7wg,,Acesso em: 11/5/2024,Youtube,153
Hip√≥fise ou Pituit√°ria,https://www.youtube.com/watch?v=AjQcF-EZs64,,Acesso em: 11/5/2024,Youtube,153
L√°bios Divididos,https://www.youtube.com/watch?v=4YYNfkJwq6g,,Acesso em: 11/5/2024,Youtube,154
O que seus L√ÅBIOS REVELAM sobre sua SA√öDE? Repare nestes SINAIS!,https://www.youtube.com/watch?v=wIvFT1zE_C8,,Acesso em: 11/5/2024,Youtube,154
Como ter uma BOCA E LABIOS MAIS BONITOS | l√°bios ressecados e com pouco volume o que fazer?,https://www.youtube.com/watch?v=w9RTyndMmCM,,Acesso em: 11/5/2024,Youtube,154
Placenta (Embriologia - EP 5) | Biokrill Series,https://www.youtube.com/watch?v=KQqit32XaJM,,Acesso em: 11/5/2024,Youtube,155
Placenta: fun√ß√µes e caracter√≠sticas,https://www.youtube.com/watch?v=NdJ1Mj5hc08,,Acesso em: 11/5/2024,Youtube,155
Placenta Pr√©via - Prof. Convidado Dr. Jo√£o Pedro Basmage,https://www.youtube.com/watch?v=_bpvstGrmd8,,Acesso em: 11/5/2024,Youtube,155
Derrame Pleural,https://www.youtube.com/watch?v=TtPnyI5Q_CA,,Acesso em: 11/5/2024,Youtube,156
Pleura,https://www.youtube.com/watch?v=WRa_oR403yI,,Acesso em: 11/5/2024,Youtube,156
Sistema RespiratoÃÅrio 4/6: Anatomia dos PulmoÃÉes | Anatomia e etc,https://www.youtube.com/watch?v=M0zRrqGgVb4,,Acesso em: 11/5/2024,Youtube,156
APRENDA A AVALIAR A PUPILA DA FORMA CERTA - AVALIA√á√ÉO PUPILAR,https://www.youtube.com/watch?v=HbQG-P7epE8,,Acesso em: 11/5/2024,Youtube,157
Altera√ß√µes de pupila,https://www.youtube.com/watch?v=jnpJEJdjjwk,,Acesso em: 11/5/2024,Youtube,157
"ANAVIT√ìRIA, Vitor Kley - Pupila",https://www.youtube.com/watch?v=9Sk7RQtSl5g,,Acesso em: 11/5/2024,Youtube,157
"Hidrosmina (v√™nula): quais benef√≠cios deste rem√©dio contra a m√° circula√ß√£o, trombose e embolia",https://www.youtube.com/watch?v=zJjPV7UgNHo,,Acesso em: 11/5/2024,Youtube,158
"Art√©rias, arter√≠olas, v√™nulas e veias",https://www.youtube.com/watch?v=dnRz-8zMpGU,,Acesso em: 11/5/2024,Youtube,158
"Microcircula√ß√£o (v√™nulas, capilares e l√≠quido intersticial) ‚Äì Fisiologia Humana",https://www.youtube.com/watch?v=wnxhMUJiVe4,,Acesso em: 11/5/2024,Youtube,158
V√©rtebras: Acidentes √ìsseos,https://www.youtube.com/watch?v=jfO5GbUZQr8,,Acesso em: 11/5/2024,Youtube,159
COLUNA VERTEBRAL - Anatomia,https://www.youtube.com/watch?v=OQqcdF6ZRt8,,Acesso em: 11/5/2024,Youtube,159
V√©rtebras,https://www.youtube.com/watch?v=aIRy7F3t2jw,,Acesso em: 11/5/2024,Youtube,159
APRENDA TUDO SOBRE A LARINGE DE MANEIRA F√ÅCIL E DESCOMPLICADA!,https://www.youtube.com/watch?v=NZNAYucwzRc,,Acesso em: 11/5/2024,Youtube,160
Anatomia Humana CARTILAGENS da LARINGE (PR√ÅTICA),https://www.youtube.com/watch?v=CSbhn1x3nM4,,Acesso em: 11/5/2024,Youtube,160
TUDO O QUE VOC√ä PRECISA ENTENDER SOBRE A ESTRUTURA DA LARINGE EST√Å NESSE V√çDEO!,https://www.youtube.com/watch?v=G53ebxYTVjM,,Acesso em: 11/5/2024,Youtube,160
DOR NA VIRILHA: CAUSAS E SINTOMAS,https://www.youtube.com/watch?v=7Qr-f-TeKzA,,Acesso em: 11/5/2024,Youtube,161
5 Dicas R√°pidas para quem ABRIU a Virilha  Dr Rafael Tavares - Quadril #les√£oadutor,https://www.youtube.com/watch?v=ug4cJ6TLius,,Acesso em: 11/5/2024,Youtube,161
"Les√£o na virilha ap√≥s futebol, muscula√ß√£o, tenis ou corrida - Dr. David Gusm√£o",https://www.youtube.com/watch?v=oPOfpmvv9yE,,Acesso em: 11/5/2024,Youtube,161
3 dicas de exerc√≠cios simples para aliviar dor no quadril,https://www.youtube.com/watch?v=rp9lL42Kfz8,,Acesso em: 11/5/2024,Youtube,162
"Olha que lindo APRENDER TUDO sobre o Quadril, ao inv√©s de decorar",https://www.youtube.com/watch?v=P6l2vQN90Ok,,Acesso em: 11/5/2024,Youtube,162
Quadril,https://www.youtube.com/watch?v=IVw4sWqk33k,,Acesso em: 11/5/2024,Youtube,162
Sintomas do Descolamento de Retina,https://www.youtube.com/watch?v=3Tf5dnkVojs,,Acesso em: 11/5/2024,Youtube,163
DESCOLAMENTO DE RETINA: FIQUE ATENTO!,https://www.youtube.com/watch?v=J9QPvRBQ0oA,,Acesso em: 11/5/2024,Youtube,163
LUA PAZ + SANCAJA | RETINAS (OFFICIAL VIDEO),https://www.youtube.com/watch?v=8C9GprI8ejU,,Acesso em: 11/5/2024,Youtube,163
Desvendando O Mundo dos V√çRUS | Resumo Completo,https://www.youtube.com/watch?v=LYBG9bSDJ2Q,,Acesso em: 11/5/2024,Youtube,164
"V√çRUS: O QUE S√ÉO, CARACTER√çSTICAS E ESTRUTURA | Resumo de Biologia para o Enem",https://www.youtube.com/watch?v=Kioj1eYcUMk,,Acesso em: 11/5/2024,Youtube,164
V√≠rus vs. bact√©rias - Qual √© a diferen√ßa?,https://www.youtube.com/watch?v=1HTvCjPk0xk,,Acesso em: 11/5/2024,Youtube,164
"ANATOMIA DA FARINGE (NASOFARINGE, OROFARINGE E LARINGOFARINGE) - SISTEMA DIGEST√ìRIO",https://www.youtube.com/watch?v=doz_8resmnI,,Acesso em: 11/5/2024,Youtube,165
"ANATOMIA DA FARINGE - AULA + PAR√ìDIA (NASOFARINGE, OROFARINGE E LARINGOFARINGE) - SISTEMA DIGEST√ìRIO",https://www.youtube.com/watch?v=pCbFudy_l3Y,,Acesso em: 11/5/2024,Youtube,165
TUDO O QUE VOC√ä PRECISA ENTENDER SOBRE A ESTRUTURA DA LARINGE EST√Å NESSE V√çDEO!,https://www.youtube.com/watch?v=G53ebxYTVjM,,Acesso em: 11/5/2024,Youtube,165
"FREIO, FIMOSE e PREP√öCIO",https://www.youtube.com/watch?v=0iojVuftIFY,,Acesso em: 11/5/2024,Youtube,166
"ESTRUTURA DO P√äNIS: Canal, cabe√ßa, freio, sulco balanoprepucial, mucosa e pele do prep√∫cio, #GT",https://www.youtube.com/watch?v=9LytCA6fbBQ,,Acesso em: 11/5/2024,Youtube,166
Fimose e hipertrofia do prep√∫cio,https://www.youtube.com/watch?v=6mIUOkSTqK8,,Acesso em: 11/5/2024,Youtube,166
Fun√ß√µes dos RINS! Sistema Urin√°rio,https://www.youtube.com/watch?v=aOgxWn29C9U,,Acesso em: 11/5/2024,Youtube,167
7 COISAS que voc√™ faz que DESTROEM seus RINS (sintomas de problemas renais),https://www.youtube.com/watch?v=riEH_46VZiU,,Acesso em: 11/5/2024,Youtube,167
Anatomia dos RINS: Revis√£o!,https://www.youtube.com/watch?v=yRkMqo6ZrDM,,Acesso em: 11/5/2024,Youtube,167
VES√çCULA: O √≥rg√£o in√∫til que cientistas COME√áARAM a entender!,https://www.youtube.com/watch?v=rfqcjd_wBA8,,Acesso em: 11/5/2024,Youtube,168
Quais os sintomas da PEDRA NA VES√çCULA?,https://www.youtube.com/watch?v=m4DVwEBaxQ4,,Acesso em: 11/5/2024,Youtube,168
Eliminar PEDRAS NA VES√çCULA naturalmente... √â poss√≠vel? ü§î,https://www.youtube.com/watch?v=m54s4Z6WRwE,,Acesso em: 11/5/2024,Youtube,168
Leuc√≥citos ALTOS no SANGUE o que pode ser - LEUCOCITOSE - c√©lulas do sangue #biologia #biomedicina,https://www.youtube.com/watch?v=Hp1YnErvi-c,,Acesso em: 11/5/2024,Youtube,169
Leuc√≥citos,https://www.youtube.com/watch?v=WQXQO2TpmvE,,Acesso em: 11/5/2024,Youtube,169
Leuc√≥citos Granul√≥citos - Neutr√≥filo / Eosin√≥filo / Bas√≥filo - Sangue - Tecido Sangu√≠neo,https://www.youtube.com/watch?v=wSAh5ls-RDM,,Acesso em: 11/5/2024,Youtube,169
4 melhores procedimentos para rejuvenescimento do rosto | Tratamentos para Rejuvenescer o rosto,https://www.youtube.com/watch?v=FfCjl6ssDqI,,Acesso em: 11/5/2024,Youtube,170
RUGAS DO ROSTO | 2 h√°bitos e 6 TRATAMENTOS para DIMINUIR AS RUGAS,https://www.youtube.com/watch?v=d6nIbJCiykU,,Acesso em: 11/5/2024,Youtube,170
FLACIDEZ DO ROSTO: Melhores tratamentos para REPOR O COL√ÅGENO DO ROSTO e tratar a flacidez da pele,https://www.youtube.com/watch?v=amNXBHspbHg,,Acesso em: 11/5/2024,Youtube,170
"Cotovelo: articula√ß√µes, acidentes √≥sseos e ligamentos | Anatomia etc",https://www.youtube.com/watch?v=LCz2h3KjWP0,,Acesso em: 11/5/2024,Youtube,171
ACABOU A DIFICULDADE EM APRENDER LIGAMENTOS DA COLUNA VERTEBRAL,https://www.youtube.com/watch?v=tZCk5jZ3uv0,,Acesso em: 11/5/2024,Youtube,171
Ligamentos do joelho | Jos√© G√≥es,https://www.youtube.com/watch?v=O8PjZr2CrnQ,,Acesso em: 11/5/2024,Youtube,171
"Doen√ßas da pr√≥stata, sintomas e tratamentos [GUIA DEFINITIVO]",https://www.youtube.com/watch?v=7naPNd2E_Nc,,Acesso em: 11/5/2024,Youtube,172
5 PRINCIPAIS DIFEREN√áAS C√ÇNCER DE PR√ìSTATA E CRESCIMENTO BENIGNO DA PR√ìSTATA,https://www.youtube.com/watch?v=o4xtQ4WIULM,,Acesso em: 11/5/2024,Youtube,172
C√¢ncer de pr√≥stata: conhe√ßa os sintomas e saiba como √© o tratamento,https://www.youtube.com/watch?v=py5f4A2JRKk,,Acesso em: 11/5/2024,Youtube,172
Histologia 7/9: Tecido SanguiÃÅneo. Videoaula | Anatomia e etc.,https://www.youtube.com/watch?v=BFY82pX85VU,,Acesso em: 11/5/2024,Youtube,173
Sangue d√° curso ensinando a ser &quot;macho&quot; | A Pra√ßa √© Nossa (30/03/23),https://www.youtube.com/watch?v=2bEedH0nONA,,Acesso em: 11/5/2024,Youtube,173
Nada Al√©m do Sangue - S√©rie Ac√∫stica Com Fernandinho Vol. III,https://www.youtube.com/watch?v=8JOvwxAZ-zo,,Acesso em: 11/5/2024,Youtube,173
Como preparar o seio na hora de amamentar,https://www.youtube.com/watch?v=5mZW1LY-SPA,,Acesso em: 11/5/2024,Youtube,174
Cirurgia de levantamento do assoalho do seio maxilar,https://www.youtube.com/watch?v=xDh9w-6gSeo,,Acesso em: 11/5/2024,Youtube,174
Como Levantar os Seios - Parte 2,https://www.youtube.com/watch?v=iIMZISutq-U,,Acesso em: 11/5/2024,Youtube,174
Lipoma. O Que √© Lipoma? Lipoma √© grave?,https://www.youtube.com/watch?v=HIkAqBv4Gyk,,Acesso em: 11/5/2024,Youtube,175
CARO√áOS DE GORDURA NA PELE E LIPOMA: O QUE S√ÉO? O QUE REPARAR?,https://www.youtube.com/watch?v=QeA1VLCQ5qs,,Acesso em: 11/5/2024,Youtube,175
Cirurgia para retirar um lipoma volumoso - Cirurgia #08# Passo a passo | Dr J√¥natas Catunda,https://www.youtube.com/watch?v=eIm_xVR_PBY,,Acesso em: 11/5/2024,Youtube,175
Anatomia das mamas femininas,https://www.youtube.com/watch?v=EbH6CteIJKM,,Acesso em: 11/5/2024,Youtube,176
Mamoplastia pelo SUS. Como conseguir a cirurgia de redu√ß√£o das mamas pelo SUS [Cirurgia Pl√°stica],https://www.youtube.com/watch?v=gWC9ZrbInPs,,Acesso em: 11/5/2024,Youtube,176
O Autoexame das mamas,https://www.youtube.com/watch?v=CAy3fAXrX-c,,Acesso em: 11/5/2024,Youtube,176
Curiosidades sobre MAMILOS,https://www.youtube.com/watch?v=Kmylvwn38q8,,Acesso em: 11/5/2024,Youtube,177
Coceira no mamilo: o que pode ser?,https://www.youtube.com/watch?v=kztssfcNvBg,,Acesso em: 11/5/2024,Youtube,177
Brincadeiras com os MAMILOS que excitam,https://www.youtube.com/watch?v=hO44kVA52QU,,Acesso em: 11/5/2024,Youtube,177
Anatomia da Mand√≠bula,https://www.youtube.com/watch?v=TcfcYoTVC4U,,Acesso em: 11/5/2024,Youtube,178
Osso Mand√≠bula | ANATOMIA DE CABE√áA E PESCO√áO,https://www.youtube.com/watch?v=M4acekq-XA8,,Acesso em: 11/5/2024,Youtube,178
Anatomia da Mand√≠bula,https://www.youtube.com/watch?v=bIM01pl1-Lk,,Acesso em: 11/5/2024,Youtube,178
Cirurgia de levantamento do assoalho do seio maxilar,https://www.youtube.com/watch?v=xDh9w-6gSeo,,Acesso em: 11/5/2024,Youtube,179
V√≠deo de Cirurgia Completo: Antrostomia Maxilar - Otorrino Marco,https://www.youtube.com/watch?v=oRnaclA7UmM,,Acesso em: 11/5/2024,Youtube,179
Bruxismo e dor no maxilar se resolve com alongamento em relaxamento.,https://www.youtube.com/watch?v=baL51a79IPI,,Acesso em: 11/5/2024,Youtube,179
M√£os envelhecidas o que fazer? Dicas para evitar m√£os enrugadas e ressecadas,https://www.youtube.com/watch?v=yZ4Lnk-hgNE,,Acesso em: 11/5/2024,Youtube,180
10 CAUSAS DE DORM√äNCIAS NAS M√ÉOS E DEDOS | Tem FORMIGAMENTO e DOR nas m√£os e dedos? CUIDADO!,https://www.youtube.com/watch?v=QI3lKVvNnb4,,Acesso em: 11/5/2024,Youtube,180
DORM√äNCIA NAS M√ÉOS: 10 CAUSAS de FORMIGAMENTO e DOR nas M√ÉOS,https://www.youtube.com/watch?v=L5s0U9ILv5s,,Acesso em: 11/5/2024,Youtube,180
Anatomia da Medula Espinhal | Anatomia etc,https://www.youtube.com/watch?v=Xj-63wOrc-s,,Acesso em: 11/5/2024,Youtube,181
Anatomia da Medula Espinal: Subst√¢ncia branca e cinzenta - Sistema Nervoso - VideoAula 091,https://www.youtube.com/watch?v=PxcPwAB2ca8,,Acesso em: 11/5/2024,Youtube,181
Quais tipos de medula temos no corpo? | Anatomia e etc.,https://www.youtube.com/watch?v=SImyXnuohmM,,Acesso em: 11/5/2024,Youtube,181
"Meninges: Dura-m√°ter, aracn√≥ide e pia-m√°ter - Sistema Nervoso/Neuroanatomia - V√≠deo Aula 077",https://www.youtube.com/watch?v=8XI7h3M8r2Q,,Acesso em: 11/5/2024,Youtube,182
"MENINGES - Aspectos funcionais, Localiza√ß√£o e Espa√ßos (Video Aula) - Rog√©rio Souza",https://www.youtube.com/watch?v=AekLT_Uuqmc,,Acesso em: 11/5/2024,Youtube,182
O que √© Meningite? Conhe√ßa os sintomas e as causas,https://www.youtube.com/watch?v=sMJBgX-s8xc,,Acesso em: 11/5/2024,Youtube,182
Membrana Plasm√°tica - Toda Mat√©ria,https://www.youtube.com/watch?v=qJXAkXa3-Mk,,Acesso em: 11/5/2024,Youtube,183
Membrana Plasm√°tica - Fun√ß√µes e Estrutura | Biologia com Samuel Cunha,https://www.youtube.com/watch?v=rXL2mDLDy_0,,Acesso em: 11/5/2024,Youtube,183
A estrutura e fun√ß√£o da membrana plasm√°tica - Aula 17 - M√≥dulo 1 - Prof. Guilherme,https://www.youtube.com/watch?v=vdbbySIdwv8,,Acesso em: 11/5/2024,Youtube,183
"Voc√™ confunde Perit√¥nio, omento e mesent√©rio ? Entenda tudo em 5 minutos!",https://www.youtube.com/watch?v=TqAdSMP0Yc8,,Acesso em: 11/5/2024,Youtube,184
Mesent√©rio: estrutura e fun√ß√µes - Anatomia Humana | Kenhub,https://www.youtube.com/watch?v=DdoCXirMl2M,,Acesso em: 11/5/2024,Youtube,184
Perit√¥nio - Fisiologia Humana,https://www.youtube.com/watch?v=5iu-ZwzUnI8,,Acesso em: 11/5/2024,Youtube,184
Fun√ß√£o das vilosidades intestinais,https://www.youtube.com/watch?v=AqdpDP9FWLU,,Acesso em: 11/5/2024,Youtube,185
Vilosidades Cori√¥nicas: Forma√ß√£o e Pap√©is,https://www.youtube.com/watch?v=wlJevxBhmrc,,Acesso em: 11/5/2024,Youtube,185
Experimento - As vilosidades do intestino e sua rela√ß√£o com a absor√ß√£o de nutrientes.,https://www.youtube.com/watch?v=6oV1DYgzVHg,,Acesso em: 11/5/2024,Youtube,185
Sistema Cardiovascular 5/6: Art√©rias Coron√°rias e Infarto Agudo do Mioc√°rdio | Anatomia e etc.,https://www.youtube.com/watch?v=oGurYO1t-wU,,Acesso em: 11/5/2024,Youtube,186
Infarto Agudo do Mioc√°rdio,https://www.youtube.com/watch?v=TQm8EW8SuAk,,Acesso em: 11/5/2024,Youtube,186
"Histologia do Cora√ß√£o (Endoc√°rdio, Mioc√°rdio e Epic√°rdio) - #MRDrops",https://www.youtube.com/watch?v=DhB0M2_hnvA,,Acesso em: 11/5/2024,Youtube,186
M√∫sculos ABDOMINAIS | Anatomia etc,https://www.youtube.com/watch?v=Xe7582jGgZM,,Acesso em: 11/5/2024,Youtube,187
Sistema Muscular | Resumo Toda Mat√©ria,https://www.youtube.com/watch?v=D7zbPeJVaoI,,Acesso em: 11/5/2024,Youtube,187
APRENDA TODOS OS M√öSCULOS DO MEMBRO INFERIOR EM 10 MINUTOS,https://www.youtube.com/watch?v=GtAsS5pOuCY,,Acesso em: 11/5/2024,Youtube,187
Foliculite nas n√°degas e na virilha: Tratamento simples e barato com esfoliacÃßaÃÉo,https://www.youtube.com/watch?v=gK6sEuDD59o,,Acesso em: 11/5/2024,Youtube,188
COMO ACABAR COM A FOLICULITE NO BUMBUM,https://www.youtube.com/watch?v=k1Rs-HX2g98,,Acesso em: 11/5/2024,Youtube,188
Mulher sofre com necrose no bumbum ap√≥s aplica√ß√£o de √≥leo mineral | Primeiro Impacto (06/11/20),https://www.youtube.com/watch?v=XkULEmcLhXw,,Acesso em: 11/5/2024,Youtube,188
SEMPRE COM UMA NARINA ENTUPIDA? DESCUBRA O PORQU√ä E COMO RESOLVER,https://www.youtube.com/watch?v=HLkqYFS2-_M,,Acesso em: 11/5/2024,Youtube,189
O Passo a Passo da Melhor Lavagem Nasal Para Sinusite,https://www.youtube.com/watch?v=IjdnwrKZb04,,Acesso em: 11/5/2024,Youtube,189
Lavagem Nasal Passo a Passo para tirar todas as d√∫vidas,https://www.youtube.com/watch?v=9Qh2Saql9WQ,,Acesso em: 11/5/2024,Youtube,189
Qual remedio usar na rinite e qual remedio evitar no nariz entupido?,https://www.youtube.com/watch?v=wPmcXZegQeI,,Acesso em: 11/5/2024,Youtube,190
N√ÉO AGUENTO MAIS O MEU NARIZ ENTUPIDO. O QUE FAZER E COMO RESOLVER,https://www.youtube.com/watch?v=Esgr0cC_ogI,,Acesso em: 11/5/2024,Youtube,190
N√ÉO DEPILE os Pelos do Nariz,https://www.youtube.com/watch?v=B36vSTCS0Ew,,Acesso em: 11/5/2024,Youtube,190
"ANATOMIA DA FARINGE (NASOFARINGE, OROFARINGE E LARINGOFARINGE) - SISTEMA DIGEST√ìRIO",https://www.youtube.com/watch?v=doz_8resmnI,,Acesso em: 12/5/2024,Youtube,191
Orofaringe e nasofaringe swabs,https://www.youtube.com/watch?v=lgpb-vZ54Zw,,Acesso em: 12/5/2024,Youtube,191
"C√¢ncer de Nasofaringe, voc√™ sabe o que √©?",https://www.youtube.com/watch?v=uoYa6KYoTj4,,Acesso em: 12/5/2024,Youtube,191
Sistema Urin√°rio - N√©fron,https://www.youtube.com/watch?v=_1wbbNkMsgI,,Acesso em: 12/5/2024,Youtube,192
Funcionamento dos n√©frons - Biologia - Ensino M√©dio,https://www.youtube.com/watch?v=smmp3w4tEcY,,Acesso em: 12/5/2024,Youtube,192
Fisiologia do N√©fron - Aula 01 - Vis√£o Geral,https://www.youtube.com/watch?v=WAeLMoBG3rw,,Acesso em: 12/5/2024,Youtube,192
ANATOMIA do NERVOS CRANIANOS! | Anatomia etc,https://www.youtube.com/watch?v=Z1fjGrqXX_g,,Acesso em: 12/5/2024,Youtube,193
Nervos Espinais - Sistema Nervoso (Neuroanatomia) - Anatomia Humana - V√≠deo Aula 104,https://www.youtube.com/watch?v=09zBgKhBxgw,,Acesso em: 12/5/2024,Youtube,193
MACETE: Como gravar os 12 pares de Nervos cranianos - Rog√©rio Souza,https://www.youtube.com/watch?v=setF7Tqx920,,Acesso em: 12/5/2024,Youtube,193
