titulo,url,nome_do_canal,data,fonte,dici_teste_id
Acidentes por animais pe√ßonhentos: o que s√£o?,https://www.youtube.com/watch?v=DY7qNNM1AjY,,Acesso em: 4/5/2024,Youtube,1
ANIMAIS PE√áONHENTOS - PRIMEIROS SOCORROS EM PICADAS DE ABELHAS,https://www.youtube.com/watch?v=eurZXdo_8zA,,Acesso em: 4/5/2024,Youtube,1
Acidente com Abelhas,https://www.youtube.com/watch?v=rAaggoAltWA,,Acesso em: 4/5/2024,Youtube,1
"Brasil em alerta ap√≥s caso de morte por arenav√≠rus, que causa a febre hemorr√°gica",https://www.youtube.com/watch?v=mcDuEiCnu2E,,Acesso em: 4/5/2024,Youtube,2
Novo v√≠rus em S√£o Paulo. ENTENDA O ARENAV√çRUS,https://www.youtube.com/watch?v=NVcHPIevjAk,,Acesso em: 4/5/2024,Youtube,2
Infectologista explica o Arenav√≠rus e o Coronav√≠rus - TV SOROCABA/SBT,https://www.youtube.com/watch?v=eOEswhJ3pQg,,Acesso em: 4/5/2024,Youtube,2
A MELHOR CONDUTA EM EXACERBA√á√ïES DE ASMA,https://www.youtube.com/watch?v=e222QljPOQk,,Acesso em: 4/5/2024,Youtube,3
"Asma: Causas, sintomas e tratamento - Tribuna Independente - 06/09/18",https://www.youtube.com/watch?v=gLOAnjxb-70,,Acesso em: 4/5/2024,Youtube,3
Asma em 5 Minutos (ou quase isso) ‚îÇ MEDICINA RESUMIDA,https://www.youtube.com/watch?v=Nv8gawXDdQg,,Acesso em: 4/5/2024,Youtube,3
Microbiologia: Micologia - Tratamento da Aspergilose,https://www.youtube.com/watch?v=CA3W7LF0V5I,,Acesso em: 4/5/2024,Youtube,4
Micoses oportunistas (Aspergilose),https://www.youtube.com/watch?v=bEuPgOaGJEg,,Acesso em: 4/5/2024,Youtube,4
COVID-19: aumento de doen√ßas f√∫ngicas graves,https://www.youtube.com/watch?v=1UcJ0CTDPSY,,Acesso em: 4/5/2024,Youtube,4
Acidentes por animais pe√ßonhentos: o que s√£o?,https://www.youtube.com/watch?v=DY7qNNM1AjY,,Acesso em: 4/5/2024,Youtube,5
Animais Pe√ßonhentos: Aranhas.,https://www.youtube.com/watch?v=E-LtznXJ9L8,,Acesso em: 4/5/2024,Youtube,5
ANIMAL PE√áONHENTO ARANHA ‚Äì TOXICOLOGIA - FARMACOLOGIA 42,https://www.youtube.com/watch?v=M0g4Cf2tlkQ,,Acesso em: 4/5/2024,Youtube,5
Acidentes com Animais Pe√ßonhentos - Acidente Of√≠dico - Agente de Sa√∫de e Agente de Endemias,https://www.youtube.com/watch?v=nkBXKvxqG-Y,,Acesso em: 4/5/2024,Youtube,6
Acidentes por animais pe√ßonhentos: o que s√£o?,https://www.youtube.com/watch?v=DY7qNNM1AjY,,Acesso em: 4/5/2024,Youtube,6
Acidentes com SERPENTES e outros ANIMAIS PE√áONHENTOS o que fazer? | Primeiros Socorros,https://www.youtube.com/watch?v=oDR1zD1QFTc,,Acesso em: 4/5/2024,Youtube,6
Queimadura de √°gua-viva? Veja o que fazer!,https://www.youtube.com/watch?v=z9IWf7n4eZI,,Acesso em: 4/5/2024,Youtube,7
ACIDENTES POR AGUAS VIVAS E CARAVELAS,https://www.youtube.com/watch?v=uU3aTDmDJE8,,Acesso em: 4/5/2024,Youtube,7
"√ÅGUA VIVA √â UM ANIMAL? VEJA AS ESP√âCIES, CORES, TAMANHOS E ONDE VIVEM NA NATUREZA! OCEANO VIVO!",https://www.youtube.com/watch?v=eYsa1x9cXuA,,Acesso em: 4/5/2024,Youtube,7
QUAIS S√ÉO AS FASES DA DOEN√áA DE ALZHEIMER?,https://www.youtube.com/watch?v=kk3oeuiZmXo,,Acesso em: 4/5/2024,Youtube,8
"Doen√ßa de Alzheimer: Causas, Efeitos e Preven√ß√£o",https://www.youtube.com/watch?v=878RiQ37-vw,,Acesso em: 4/5/2024,Youtube,8
ENTENDA COMO A DOEN√áA DE ALZHEIMER AFETA O C√âREBRO,https://www.youtube.com/watch?v=gJXFnLWztUY,,Acesso em: 4/5/2024,Youtube,8
MEU NOVO MELHOR AMIGO DEU EM CIMA DE MIM üò≥ | BROOKHAVEN,https://www.youtube.com/watch?v=v6RQePx9ELo,,Acesso em: 4/5/2024,Youtube,9
Marcelo Dias e Fabiana - Ame [ CLIPE OFICIAL ],https://www.youtube.com/watch?v=LsKCtvtNyoM,,Acesso em: 4/5/2024,Youtube,9
AME Digital - O Que √©? Como funciona o CASHBACK? √â Confi√°vel? D√° pra Sacar? (ATUALIZADO 2022/2023),https://www.youtube.com/watch?v=Cr3uYiZd67w,,Acesso em: 4/5/2024,Youtube,9
Voc√™ e o Doutor tira d√∫vidas sobre o AVC,https://www.youtube.com/watch?v=yLx66ScyJcQ,,Acesso em: 4/5/2024,Youtube,10
O que √© e quais s√£o os sintomas do AVC? - Correspondente M√©dico,https://www.youtube.com/watch?v=eduUOmJNCXA,,Acesso em: 4/5/2024,Youtube,10
QUAIS OS SINTOMAS E CAUSAS DO AVC (DERRAME CEREBRAL)?,https://www.youtube.com/watch?v=F9AmFap2dOY,,Acesso em: 4/5/2024,Youtube,10
VACINA BCG,https://www.youtube.com/watch?v=70pePJpJ8vg,,Acesso em: 4/5/2024,Youtube,11
VACINA BCG | Calend√°rio de vacina√ß√£o infantil | Parte 1,https://www.youtube.com/watch?v=tuuYaOjVLgA,,Acesso em: 4/5/2024,Youtube,11
"VACINA BCG ‚Äì N√ÉO FICOU MARQUINHA, DEVO VACINAR DE NOVO? | MACETES DE M√ÉE",https://www.youtube.com/watch?v=Ri64MF7acmE,,Acesso em: 4/5/2024,Youtube,11
"O que √© botulismo, quais os sintomas e como prevenir | Dr. √Ålvaro Furtado",https://www.youtube.com/watch?v=HE_C3bB-ecE,,Acesso em: 4/5/2024,Youtube,12
"Botulismo ‚Äì causas, sintomas e progn√≥sticos | Sua Sa√∫de na Rede",https://www.youtube.com/watch?v=qNSOsmssWqs,,Acesso em: 4/5/2024,Youtube,12
Botulismo: o que cai na prova de resid√™ncia m√©dica?!,https://www.youtube.com/watch?v=b4mr9duwo_s,,Acesso em: 4/5/2024,Youtube,12
Brucelose Humana   SESA PARANAÃÅ,https://www.youtube.com/watch?v=NWprcrQF2bw,,Acesso em: 4/5/2024,Youtube,13
JMD (20/11/19) - Casos de Brucelose humana dobram em 2019,https://www.youtube.com/watch?v=DhENCFZJeAE,,Acesso em: 4/5/2024,Youtube,13
"268 BRUCELOSE HUMANA NA ATEN√á√ÉO PRIM√ÅRIA DE CAMPO GRANDE, MATO GROSSO DO SUL",https://www.youtube.com/watch?v=934gYmEr0tI,,Acesso em: 4/5/2024,Youtube,13
O Que √© S√≠ndrome de Burnout ou S√≠ndrome do Esgotamento,https://www.youtube.com/watch?v=jSmhjqdqvcM,,Acesso em: 4/5/2024,Youtube,14
Esgotamento no trabalho l Saiba reconhecer os sintomas da S√≠ndrome de Burnout,https://www.youtube.com/watch?v=S6Sa7wc0Jq8,,Acesso em: 4/5/2024,Youtube,14
"S√≠ndrome de BURNOUT: entenda o que √©, seus sintomas e tratamento",https://www.youtube.com/watch?v=em1H0chNXP0,,Acesso em: 4/5/2024,Youtube,14
Curso Anomalias Cong√™nitas ‚Äî Aula 5: Defeitos de Tubo Neural I,https://www.youtube.com/watch?v=6e_4AGcDyG0,,Acesso em: 4/5/2024,Youtube,15
Curso Anomalias Cong√™nitas ‚Äî Aula 1: Boas-Vindas,https://www.youtube.com/watch?v=wfZa2VpoV18,,Acesso em: 4/5/2024,Youtube,15
Curso Anomalias Cong√™nitas ‚Äî Aula 15: Registro e Preven√ß√£o de Anomalias Cong√™nitas,https://www.youtube.com/watch?v=_pw0cbny_g0,,Acesso em: 4/5/2024,Youtube,15
Escorpionismo (Acidentes com animais pe√ßonhentos) - Prof¬™ Juliana Mello,https://www.youtube.com/watch?v=lSuQQnQwYyo,,Acesso em: 4/5/2024,Youtube,16
Acidentes por animais pe√ßonhentos: o que s√£o?,https://www.youtube.com/watch?v=DY7qNNM1AjY,,Acesso em: 4/5/2024,Youtube,16
Acidentes com Animais Pe√ßonhentos - Escorpionismo - Agente de Sa√∫de e Agente de Endemias,https://www.youtube.com/watch?v=ppp6kLB9HSE,,Acesso em: 4/5/2024,Youtube,16
A Candid√≠ase de Repeti√ß√£o - Um Olhar Sist√™mico,https://www.youtube.com/watch?v=ITzvFQ-NYco,,Acesso em: 4/5/2024,Youtube,17
CANDID√çASE E AUMENTO DE FUNGOS NO INTESTINO: Como funciona o tratamento?,https://www.youtube.com/watch?v=Vjn4bRUKiw0,,Acesso em: 4/5/2024,Youtube,17
Como acabar com a candid√≠ase? | Chega de sofrimento üò•,https://www.youtube.com/watch?v=joQmSb_nD9c,,Acesso em: 4/5/2024,Youtube,17
Veja como tratar a catapora e prevenir o cont√°gio,https://www.youtube.com/watch?v=jWmTIzxufmk,,Acesso em: 4/5/2024,Youtube,18
TUDO SOBRE CATAPORA E SEUS SINTOMAS | MACETES DE M√ÉE,https://www.youtube.com/watch?v=hkX12U8ULco,,Acesso em: 4/5/2024,Youtube,18
HERPES ZOSTER: A PERIGOSA REATIVA√á√ÉO DO V√çRUS DA CATAPORA,https://www.youtube.com/watch?v=U6CHvzVy2Hc,,Acesso em: 4/5/2024,Youtube,18
"Voc√™ e o Doutor: Saiba tudo sobre a herpes-z√≥ster, doen√ßa causada pelo v√≠rus da catapora",https://www.youtube.com/watch?v=qKXvV2Vxh1M,,Acesso em: 4/5/2024,Youtube,18
Saiba mais sobre a catapora,https://www.youtube.com/watch?v=N8Ggu1P6INA,,Acesso em: 4/5/2024,Youtube,18
"Tudo sobre catapora (Vacina, sintomas, preven√ß√£o e tratamento)",https://www.youtube.com/watch?v=qqZzpsF6owI,,Acesso em: 4/5/2024,Youtube,18
Mesmo a crian√ßa vacinada pode pegar catapora? | Momento Papo de M√£e,https://www.youtube.com/watch?v=ZTV_6Pqqqmg,,Acesso em: 4/5/2024,Youtube,18
PEGUEI UMA DOEN√áA TERR√çVEL NO CARNAVAL!,https://www.youtube.com/watch?v=pdPL10XAM-w,,Acesso em: 4/5/2024,Youtube,18
Como saber se √© catapora: bolinha vermelha,https://www.youtube.com/watch?v=RxG-Bj5v1pg,,Acesso em: 4/5/2024,Youtube,18
CATAPORA: Casos voltam a SUBIR; entenda como se prevenir,https://www.youtube.com/watch?v=tHV0zQRNAno,,Acesso em: 4/5/2024,Youtube,18
"Catapora - O especialista responde - Arlindo Schiezari J√∫nior, infectologista",https://www.youtube.com/watch?v=ZitWZ8AAJQc,,Acesso em: 4/5/2024,Youtube,18
Sol News: EPIDEMIA CATAPORA | TV SOL,https://www.youtube.com/watch?v=oR0KHX9KvS0,,Acesso em: 4/5/2024,Youtube,18
"Catapora (Varicela) - O que √©, quais os sintomas e como evitar",https://www.youtube.com/watch?v=CnaEZTMus6Y,,Acesso em: 4/5/2024,Youtube,18
Varicela (Catapora),https://www.youtube.com/watch?v=sPZ3mdk-Mro,,Acesso em: 4/5/2024,Youtube,18
HERPES Z√ìSTER: SINTOMAS E CAUSAS I SA√öDE EM SEU LAR,https://www.youtube.com/watch?v=QZCV13jGT0I,,Acesso em: 4/5/2024,Youtube,18
"Catapora - Dr. Arlindo Schiesari J√∫nior, Infectologista",https://www.youtube.com/watch?v=V9Sa_3mJpKs,,Acesso em: 4/5/2024,Youtube,18
FMS investiga morte de adolescente por complica√ß√µes da catapora,https://www.youtube.com/watch?v=JRgXPhjFSLU,,Acesso em: 4/5/2024,Youtube,18
HERPES Z√ìSTER! VARICELA! CATAPORA! (COBREIRO!?),https://www.youtube.com/watch?v=2M9qG3y_vfo,,Acesso em: 4/5/2024,Youtube,18
Como cuidar da pele ap√≥s catapora! Fique livre das manchas e recupere a auto estima üòçüëè,https://www.youtube.com/watch?v=EzC15FSO8fI,,Acesso em: 4/5/2024,Youtube,18
Catapora | Como cuidar,https://www.youtube.com/watch?v=VeRWzBNHd4M,,Acesso em: 4/5/2024,Youtube,18
Catapora - O que voc√™ precisa saber.,https://www.youtube.com/watch?v=V2d5hRml6ds,,Acesso em: 4/5/2024,Youtube,18
"Surto de impetigo nas escolas catarinenses pode ser, na verdade, catapora",https://www.youtube.com/watch?v=5--NTWaSmO4,,Acesso em: 4/5/2024,Youtube,18
Catapora aos 33 anos | Mostrei as les√µes | Kellem Lazame,https://www.youtube.com/watch?v=9JZ8fZZaIbU,,Acesso em: 4/5/2024,Youtube,18
Catapora,https://www.youtube.com/watch?v=EBDOhfdPAno,,Acesso em: 4/5/2024,Youtube,18
Curso Animais Pe√ßonhentos - Lagartas,https://www.youtube.com/watch?v=S07pyQ-Sg-Q,,Acesso em: 4/5/2024,Youtube,19
Acidentes por animais pe√ßonhentos: Taturanas.,https://www.youtube.com/watch?v=5PLdkMD5Dx4,,Acesso em: 4/5/2024,Youtube,19
Conhe√ßa os tipos de lagartas e o mal que o ataque desses animais pode fazer aos humanos,https://www.youtube.com/watch?v=ej0Cqmeu3R4,,Acesso em: 4/5/2024,Youtube,19
Surto de Caxumba - Voc√™ Bonita (06/07/16),https://www.youtube.com/watch?v=ab1pUWI-Ydg,,Acesso em: 4/5/2024,Youtube,20
"Sintomas, causas e tratamentos da Caxumba | Momento Papo de M√£e",https://www.youtube.com/watch?v=ci-x5ew170M,,Acesso em: 4/5/2024,Youtube,20
Caxumba - Conhe√ßa os sintomas e como se prevenir,https://www.youtube.com/watch?v=Tme6vfFUpD4,,Acesso em: 4/5/2024,Youtube,20
"CAXUMBA - Causas, Sintomas, Tratamento, Diagn√≥stico e Preven√ß√£o",https://www.youtube.com/watch?v=rawbp6PWAnc,,Acesso em: 4/5/2024,Youtube,20
Unesp Not√≠cias | Caxumba em adultos,https://www.youtube.com/watch?v=uN59m0bcsTo,,Acesso em: 4/5/2024,Youtube,20
Caxumba - Voc√™ Bonita (24/08/17),https://www.youtube.com/watch?v=i-P7n0z1UyM,,Acesso em: 4/5/2024,Youtube,20
Voc√™ Bonita - Caxumba (21/08/15),https://www.youtube.com/watch?v=s801D8KxukI,,Acesso em: 4/5/2024,Youtube,20
Caxumba atinge o ator St√™nio Garcia e a esposa,https://www.youtube.com/watch?v=k6CnsAf3mWc,,Acesso em: 4/5/2024,Youtube,20
Atualidades (F5): 01 - Caxumba,https://www.youtube.com/watch?v=yHgypAWGKFM,,Acesso em: 4/5/2024,Youtube,20
"Caxumba - Sintomas, Causas e Tratamento - Dr No√© de Toledo",https://www.youtube.com/watch?v=R2Ogh2XPMf0,,Acesso em: 4/5/2024,Youtube,20
"√â BOM SABER:  &quot;CAXUMBA&quot;- SINTOMAS, DIAGN√ìSTICO E TRATAMENTO",https://www.youtube.com/watch?v=BEeN_vDv0Zg,,Acesso em: 4/5/2024,Youtube,20
PARAMYXOVIRUS - CAXUMBA - VIROLOGIA - AULA 6,https://www.youtube.com/watch?v=zBnTRhYBEuw,,Acesso em: 4/5/2024,Youtube,20
Caxumba: conhe√ßa os sintomas e formas de tratamento | DTUP,https://www.youtube.com/watch?v=S1hQn2D3HLg,,Acesso em: 4/5/2024,Youtube,20
Aula Caxumba - UFRJ Maca√©,https://www.youtube.com/watch?v=TrDBk7Q8Vjc,,Acesso em: 4/5/2024,Youtube,20
PEGUEI CAXUMBAüò≠/ COMO ESTOU FAZENDO PRA CUIDAR DA BEB√ä üò•,https://www.youtube.com/watch?v=Gl7gHvU_08A,,Acesso em: 4/5/2024,Youtube,20
"VACINA TR√çPLICE VIRAL (Sarampo, Caxumba e Rub√©ola) - Aprenda tudo sobre o Esquema de Vacina√ß√£o",https://www.youtube.com/watch?v=xTbk2Vr5f1o,,Acesso em: 4/5/2024,Youtube,20
AUDIOAULA 10 - Caxumba - 10 conte√∫dos essenciais para sua prova,https://www.youtube.com/watch?v=X-EhKkrXwFk,,Acesso em: 4/5/2024,Youtube,20
Por que a caxumba recolhe para o saco? O que o dentista tem a ver com isso? | Prof Mauricio Volkweis,https://www.youtube.com/watch?v=09NlJPdgMPI,,Acesso em: 4/5/2024,Youtube,20
Infectologista fala sobre alta nos casos de caxumba,https://www.youtube.com/watch?v=7NP6zb6XP2Y,,Acesso em: 4/5/2024,Youtube,20
Caxumba e meningite,https://www.youtube.com/watch?v=KRTp6myzrS4,,Acesso em: 4/5/2024,Youtube,20
Mulheres - Sa√∫de: Caxumba (17/05/16),https://www.youtube.com/watch?v=Y576kJbTRtI,,Acesso em: 4/5/2024,Youtube,20
ORQUITE POR CAXUMBA - Test√≠culo inchado √© tudo igual?,https://www.youtube.com/watch?v=aRsZZBRPYU4,,Acesso em: 4/5/2024,Youtube,20
3¬™ Aula de viroses - Tema: Parotidite (Caxumba),https://www.youtube.com/watch?v=IkdtKa37Gzw,,Acesso em: 4/5/2024,Youtube,20
Parotidite (Caxumba),https://www.youtube.com/watch?v=o8ZImTjT488,,Acesso em: 4/5/2024,Youtube,20
Chikungunya - Brasil Escola,https://www.youtube.com/watch?v=nHjcbHq36OY,,Acesso em: 4/5/2024,Youtube,21
Chikungunya: o que √© e principais sintomas | Jos√© G√≥es,https://www.youtube.com/watch?v=A12c3mK6i78,,Acesso em: 4/5/2024,Youtube,21
"Diferen√ßa entre Dengue, Chikungunya e Zika | Jos√© G√≥es",https://www.youtube.com/watch?v=hIgLwVya7tk,,Acesso em: 4/5/2024,Youtube,21
Chikungunya pode causar dor nas articula√ß√µes?,https://www.youtube.com/watch?v=3UwuVSFDZIE,,Acesso em: 4/5/2024,Youtube,21
Chikungunya: dores e incha√ßos s√£o comuns ap√≥s a doen√ßa,https://www.youtube.com/watch?v=xplCtzUeno0,,Acesso em: 4/5/2024,Youtube,21
TUDO SOBRE A CHIKUNGUNYA,https://www.youtube.com/watch?v=5ulYLlqFuKo,,Acesso em: 4/5/2024,Youtube,21
Zika e chikungunya deixam sequelas com tratamento dificultado por falta de diagn√≥stico,https://www.youtube.com/watch?v=D_ypyEy4Cz8,,Acesso em: 4/5/2024,Youtube,21
E o diagn√≥stico foi chikungunya #88,https://www.youtube.com/watch?v=PYcmZGwYysE,,Acesso em: 4/5/2024,Youtube,21
CHIKUNGUNYA: Solu√ß√£o para as DORES!,https://www.youtube.com/watch?v=ibebqX-HfKo,,Acesso em: 4/5/2024,Youtube,21
Febre Chikungunya - saiba o que √© | Sua Sa√∫de na Rede,https://www.youtube.com/watch?v=VUO54r3jhEg,,Acesso em: 4/5/2024,Youtube,21
Febre Chikungunya: A Nova Epidemia do Brasil - Prof. Paulo Jubilut,https://www.youtube.com/watch?v=V30SQmKTTvc,,Acesso em: 4/5/2024,Youtube,21
Entenda os riscos da Chikungunya com rela√ß√£o √† m√° circula√ß√£o e a trombose. Quais sinais de alerta?,https://www.youtube.com/watch?v=oY-uhvjlTBQ,,Acesso em: 4/5/2024,Youtube,21
CHIKUNGUNYA : AL√âM DAS DORES ARTICULARES,https://www.youtube.com/watch?v=XXX3iMCY_mc,,Acesso em: 4/5/2024,Youtube,21
ALERTA: FEBRE CHIKUNGUNYA E O OUVIDO,https://www.youtube.com/watch?v=tBVc48c6R_Q,,Acesso em: 4/5/2024,Youtube,21
"Dr. Sproesser esclarece d√∫vidas sobre dengue, zika v√≠rus e chikungunya",https://www.youtube.com/watch?v=7YaknMbFf9E,,Acesso em: 4/5/2024,Youtube,21
"Veja Sa√∫de: as diferen√ßas entre mayaro, chikungunya e dengue",https://www.youtube.com/watch?v=CnNQ98un0KA,,Acesso em: 4/5/2024,Youtube,21
"Cuidados b√°sicos ajudam a prevenir dengue, Zika e chikungunya - Correspondente M√©dico",https://www.youtube.com/watch?v=TTYjsZGJJ_s,,Acesso em: 4/5/2024,Youtube,21
‚òùÔ∏è Dedo dormente p√≥s chikungunya se melhora assim,https://www.youtube.com/watch?v=UcuN1o_LT8Q,,Acesso em: 4/5/2024,Youtube,21
"Febre de Chikungunya - O que fazer, Como tratar",https://www.youtube.com/watch?v=YDA4TUVZ3hw,,Acesso em: 4/5/2024,Youtube,21
Chikungunya - Arboviroses - Agente Comunit√°rio de Sa√∫de e Agente de Combate √† Endemias,https://www.youtube.com/watch?v=gJK5-UyD20s,,Acesso em: 4/5/2024,Youtube,21
"CHIKUNGUNYA - CAUSAS, SINTOMAS, DIAGN√ìSTICO E TRATAMENTO - INFECTOLOGIA",https://www.youtube.com/watch?v=XQHOwZ4v-O0,,Acesso em: 4/5/2024,Youtube,21
"Como saber diferenciar DENGUE, ZIKA E CHIKUNGUNYA n√£o passe mais trabalho, jeito f√°cil.",https://www.youtube.com/watch?v=zSE311nP96A,,Acesso em: 4/5/2024,Youtube,21
"Dengue, Zika e Chikungunya: As doen√ßas do Aedes",https://www.youtube.com/watch?v=qM7MT5YTSLQ,,Acesso em: 4/5/2024,Youtube,21
"Esclare√ßa suas d√∫vidas sobre Dengue, Zika e Chikungunya",https://www.youtube.com/watch?v=JTIwFwOt6ug,,Acesso em: 4/5/2024,Youtube,21
Micose sist√™mica - Coccidioidomicose,https://www.youtube.com/watch?v=9xMElANUzn8,,Acesso em: 4/5/2024,Youtube,22
Doen√ßa do tatu que matou um jovem no Piau√≠: Coccidioidomicose,https://www.youtube.com/watch?v=Xz4_oYW53xg,,Acesso em: 4/5/2024,Youtube,22
Coccidioidomicose,https://www.youtube.com/watch?v=eHe5joOZlP8,,Acesso em: 4/5/2024,Youtube,22
COQUELUCHE: TUDO QUE VOC√ä PRECISA SABER SOBRE A DOEN√áA,https://www.youtube.com/watch?v=Ekeug5_drss,,Acesso em: 4/5/2024,Youtube,23
"O que √© Coqueluche? Sintomas, preven√ß√£o, vacina |Tosse comprida",https://www.youtube.com/watch?v=Oz5zHcb8KXY,,Acesso em: 4/5/2024,Youtube,23
Coqueluche | Turma da M√¥nica,https://www.youtube.com/watch?v=HpSZEQgLOcU,,Acesso em: 4/5/2024,Youtube,23
Coronav√≠rus: O que a covid-19 faz com o seu corpo,https://www.youtube.com/watch?v=WEMpIQ30srI,,Acesso em: 4/5/2024,Youtube,24
COVID-19: A HIST√ìRIA COMPLETA!,https://www.youtube.com/watch?v=LUTiaQybgfo,,Acesso em: 4/5/2024,Youtube,24
Coronavirus: por dentro de uma UTI lutando contra a covid-19,https://www.youtube.com/watch?v=-on2_n6K1bo,,Acesso em: 4/5/2024,Youtube,24
Criptococose,https://www.youtube.com/watch?v=3DinB_9WhUA,,Acesso em: 4/5/2024,Youtube,25
"CRIPTOCOCOSE EM GATOS (Doen√ßa do Pombo em Gatos). Transmiss√£o, Diagn√≥stico, Tratamento e Preven√ß√£o.",https://www.youtube.com/watch?v=4Ovs9dxLOQk,,Acesso em: 4/5/2024,Youtube,25
Doen√ßa do pombo: 15 casos de criptococose em 7 meses,https://www.youtube.com/watch?v=ZOCXdXrwn0o,,Acesso em: 4/5/2024,Youtube,25
Criptococose,https://www.youtube.com/watch?v=xwHp9cKXdOQ,,Acesso em: 4/5/2024,Youtube,25
Micoses oportunistas - Criptococose,https://www.youtube.com/watch?v=U7rNnk_GtYI,,Acesso em: 4/5/2024,Youtube,25
PNEUMONIAS F√öNGICAS: CRIPTOCOCOSE,https://www.youtube.com/watch?v=NeqWBLC1KdY,,Acesso em: 4/5/2024,Youtube,25
CRIPTOCOCOSE OU ESPOROTRICOSE? Saiba a DIFEREN√áA e o TRATAMENTO desses Fungos em gatos,https://www.youtube.com/watch?v=pGQ8auAZeQw,,Acesso em: 4/5/2024,Youtube,25
HISTOPLASMOSE/CRIPTOCOCOSE,https://www.youtube.com/watch?v=DbcRzmJu7_0,,Acesso em: 4/5/2024,Youtube,25
Meningite por _Cryptococcus sp_ O fungo das fezes de pombo I #Caf√© Biom√©dico 7,https://www.youtube.com/watch?v=frOCyp3wqgo,,Acesso em: 4/5/2024,Youtube,25
O que √© Criptococose e como pode ser transmitida?,https://www.youtube.com/watch?v=8OC9BfKUWBc,,Acesso em: 4/5/2024,Youtube,25
Criptococose renal,https://www.youtube.com/watch?v=3AVow3LJe_M,,Acesso em: 4/5/2024,Youtube,25
Como Tratar de Criptococose,https://www.youtube.com/watch?v=eNHadlwkj8E,,Acesso em: 4/5/2024,Youtube,25
Criptococose: O famoso nariz de palha√ßo,https://www.youtube.com/watch?v=9nucin-HS9k,,Acesso em: 4/5/2024,Youtube,25
CRIPTOCOCOSE DISSEMINADA: CASO CL√çNICO E TRATAMENTO - COMPREENDENDO ESTA INFEC√á√ÉO F√öNGICA,https://www.youtube.com/watch?v=JWJXBibwIvQ,,Acesso em: 4/5/2024,Youtube,25
DOEN√áAS F√öNGICAS - Criptococose,https://www.youtube.com/watch?v=3NuvbsO6MPI,,Acesso em: 4/5/2024,Youtube,25
ACHADOS DE IMAGEM NA NEUROCRIPTOCOCOSE,https://www.youtube.com/watch?v=t8Sg3gtJ--I,,Acesso em: 4/5/2024,Youtube,25
DOEN√áA DO POMBO | Aula de Biologia - Criptococose,https://www.youtube.com/watch?v=nmOXTwBvXjA,,Acesso em: 4/5/2024,Youtube,25
Esporotricose e Criptococose - Causas e Tratamento,https://www.youtube.com/watch?v=NCkSuDz6nQw,,Acesso em: 4/5/2024,Youtube,25
A criptococose ou ‚ÄúDoen√ßa do Pombo‚Äù possui taxa de letalidade de 40% em humanos,https://www.youtube.com/watch?v=tnvh0r-jwAI,,Acesso em: 4/5/2024,Youtube,25
Criptococose,https://www.youtube.com/watch?v=ueqNoo0JKKQ,,Acesso em: 4/5/2024,Youtube,25
Surto de Criptococose urbana,https://www.youtube.com/watch?v=X7hI9ZoeIUM,,Acesso em: 4/5/2024,Youtube,25
Criptococose,https://www.youtube.com/watch?v=tHvCdQwENBU,,Acesso em: 4/5/2024,Youtube,25
Criptococose Cut√¢nea Prim√°ria: Relato de Caso,https://www.youtube.com/watch?v=n07_dqR6UUw,,Acesso em: 4/5/2024,Youtube,25
FUNGOS EM GATOS,https://www.youtube.com/watch?v=hBOSHG_me0M,,Acesso em: 4/5/2024,Youtube,25
Criptococose,https://www.youtube.com/watch?v=RNSb10czyDs,,Acesso em: 4/5/2024,Youtube,25
Diagn√≥stico do c√¢ncer de boca - Dr J√¥natas Catunda,https://www.youtube.com/watch?v=OYkTb3LDVac,,Acesso em: 4/5/2024,Youtube,26
Dentista Fl√°vio Farias tira todas as d√∫vidas sobre o c√¢ncer de boca,https://www.youtube.com/watch?v=HkQ6BQGojOk,,Acesso em: 4/5/2024,Youtube,26
O que √© o C√¢ncer de boca [076] Dr. Rog√©rio Leite,https://www.youtube.com/watch?v=b3aMBgoVbiQ,,Acesso em: 4/5/2024,Youtube,26
OLHO CL√çNICO - CROMOBLASTOMICOSE (30/03/15),https://www.youtube.com/watch?v=QfxAo16ZCHc,,Acesso em: 4/5/2024,Youtube,27
Cromoblastomicose,https://www.youtube.com/watch?v=ed_oa6izqTU,,Acesso em: 4/5/2024,Youtube,27
Cromomicose MED 2021,https://www.youtube.com/watch?v=_B3eoPS3Otw,,Acesso em: 4/5/2024,Youtube,27
Aedes aegypti - caracter√≠sticas,https://www.youtube.com/watch?v=6k6wti3aB6E,,Acesso em: 4/5/2024,Youtube,28
"Dengue, Zika e Chikungunya: As doen√ßas do Aedes",https://www.youtube.com/watch?v=qM7MT5YTSLQ,,Acesso em: 4/5/2024,Youtube,28
"Aedes Aegypti - biologia do vetor, ciclo de transmiss√£o, doen√ßas, transmiss√£o, fases e controle.",https://www.youtube.com/watch?v=F2n68hrj0Vo,,Acesso em: 4/5/2024,Youtube,28
Como o HIV afeta as mulheres?,https://www.youtube.com/watch?v=36ka2akX99s,,Acesso em: 4/5/2024,Youtube,29
HIV/AIDS-Videoaula (Resumo),https://www.youtube.com/watch?v=aZKJQ18ROj8,,Acesso em: 4/5/2024,Youtube,29
Como Posso Desconfiar que Tenho HIV?,https://www.youtube.com/watch?v=mQAidM3Ybdw,,Acesso em: 4/5/2024,Youtube,29
Voc√™ e o Doutor tira d√∫vidas sobre o c√¢ncer de mama,https://www.youtube.com/watch?v=3vdPmYewANU,,Acesso em: 4/5/2024,Youtube,30
Voc√™ e o Doutor explica tudo sobre o c√¢ncer de mama,https://www.youtube.com/watch?v=pUKPi0kybBc,,Acesso em: 4/5/2024,Youtube,30
O que √© o c√¢ncer de mama?,https://www.youtube.com/watch?v=VOAL2FS6cFI,,Acesso em: 4/5/2024,Youtube,30
"C√ÇNCER DE P√äNIS: o que Causa, Como Identificar,  e a Vida Ap√≥s a Cirurgia,@universooncologia",https://www.youtube.com/watch?v=SLwiR60QDJw,,Acesso em: 4/5/2024,Youtube,31
"C√ÇNCER DE P√äNIS: SINTOMAS, DIAGN√ìSTICO, CAUSAS, TRATAMENTO E PREVEN√á√ÉO?",https://www.youtube.com/watch?v=I0F-mDaeKOw,,Acesso em: 4/5/2024,Youtube,31
"C√¢ncer de p√™nis: o que √©, sintomas, causas e tratamento",https://www.youtube.com/watch?v=O_UJ6ETLnAg,,Acesso em: 4/5/2024,Youtube,31
Arboviroses - Viroses - Biologia com o Tubar√£o,https://www.youtube.com/watch?v=H2MmIZT-pzA,,Acesso em: 4/5/2024,Youtube,32
Arboviroses - Tudo o que voc√™ precisa saber!,https://www.youtube.com/watch?v=yARXJzymuKA,,Acesso em: 4/5/2024,Youtube,32
M√©todos de controle das arboviroses,https://www.youtube.com/watch?v=eiwEgE9jOmQ,,Acesso em: 4/5/2024,Youtube,32
Entenda os riscos do tipo mais comum de c√¢ncer de pele - Correspondente M√©dico,https://www.youtube.com/watch?v=OURuPRLM364,,Acesso em: 4/5/2024,Youtube,33
Carcinoma ou melanoma? Entenda os tipos de c√¢ncer de pele,https://www.youtube.com/watch?v=XgI-X6Dg_eE,,Acesso em: 4/5/2024,Youtube,33
C√¢ncer de pele: como identificar e os profissionais que podem ajudar nisso,https://www.youtube.com/watch?v=BlcFiBQ9dnU,,Acesso em: 4/5/2024,Youtube,33
C√¢ncer de pr√≥stata: conhe√ßa os sintomas e saiba como √© o tratamento,https://www.youtube.com/watch?v=py5f4A2JRKk,,Acesso em: 4/5/2024,Youtube,34
C√¢ncer de Pr√≥stata - sintomas e tratamentos,https://www.youtube.com/watch?v=5XN6PICSo34,,Acesso em: 4/5/2024,Youtube,34
Voc√™ e o Doutor: conhe√ßa causas e sintomas do c√¢ncer de pr√≥stata,https://www.youtube.com/watch?v=ZuCzKYBSpIU,,Acesso em: 4/5/2024,Youtube,34
"Dengue: quais os sintomas, quando √© hora de ir ao PS e quem pode se vacinar no SUS?",https://www.youtube.com/watch?v=ywr1y2h1NQI,,Acesso em: 4/5/2024,Youtube,35
Sintomas da dengue | Voc√™ sabe identificar os sintomas? (Dengue cl√°ssica e hemorr√°gica),https://www.youtube.com/watch?v=6jvebHUdY0I,,Acesso em: 4/5/2024,Youtube,35
Como identificar a dengue grave?,https://www.youtube.com/watch?v=KvAoTrVqarU,,Acesso em: 4/5/2024,Youtube,35
O que √© depress√£o p√≥s-parto?,https://www.youtube.com/watch?v=hq-4h0f5B-4,,Acesso em: 4/5/2024,Youtube,36
Depress√£o p√≥s parto - Conversa de M√£e,https://www.youtube.com/watch?v=VFDtmKX0CdM,,Acesso em: 4/5/2024,Youtube,36
Conhe√ßa os principais sintomas da depress√£o p√≥s-parto,https://www.youtube.com/watch?v=M4nz4IalMR8,,Acesso em: 4/5/2024,Youtube,36
Doen√ßas Diarreicas Agudas - Sa√∫de P√∫blica - Doen√ßas infecciosas e parasit√°rias,https://www.youtube.com/watch?v=jCLc3vFI_m8,,Acesso em: 4/5/2024,Youtube,37
"DIARREIA AGUDA - CL√çNICA M√âDICA - fisiopatologia, quadro clinico, tratamento",https://www.youtube.com/watch?v=reILUWsn0sc,,Acesso em: 4/5/2024,Youtube,37
Videoaula: Monitoriza√ß√£o das doen√ßas diarreicas agudas (DDA),https://www.youtube.com/watch?v=o2BH8nHMpcc,,Acesso em: 4/5/2024,Youtube,37
Doen√ßa renal cr√¥nica | Riscos e causas,https://www.youtube.com/watch?v=byKJ5SXgxC4,,Acesso em: 4/5/2024,Youtube,38
INSUFICI√äNCIA RENAL CR√îNICA: SINTOMAS E CAUSAS,https://www.youtube.com/watch?v=VAlgXyXWPKs,,Acesso em: 4/5/2024,Youtube,38
Diagn√≥stico da Doen√ßa Renal Cr√¥nica,https://www.youtube.com/watch?v=AhsBB9VwTSU,,Acesso em: 4/5/2024,Youtube,38
"Difteria: Sintomas, tratamento e preven√ß√£o V√≠deo n.35",https://www.youtube.com/watch?v=m30mjmSlIew,,Acesso em: 4/5/2024,Youtube,39
"Difteria: o que √©, causas, sintomas e tratamento | Corynebacterium diphtheriae | Dr. Victor Proen√ßa",https://www.youtube.com/watch?v=5X7MVUdi6A0,,Acesso em: 4/5/2024,Youtube,39
Difteria - Aula de revis√£o de Infectologia do MR Plus,https://www.youtube.com/watch?v=7Z5BHsDXSVo,,Acesso em: 4/5/2024,Youtube,39
Doen√ßas oculares que podem causar cegueira - Tribuna Independente - 24/07/2017,https://www.youtube.com/watch?v=W9XsknEhpag,,Acesso em: 4/5/2024,Youtube,40
Doen√ßas oculares: Esclare√ßa todas suas d√∫vidas!,https://www.youtube.com/watch?v=jfjPkDdD-Hg,,Acesso em: 4/5/2024,Youtube,40
Abril Marrom: Doen√ßas oculares - Voc√™ Bonita (16/04/19),https://www.youtube.com/watch?v=S7efcD39uPQ,,Acesso em: 4/5/2024,Youtube,40
Diabetes,https://www.youtube.com/watch?v=nyvu2euX8tM,,Acesso em: 4/5/2024,Youtube,41
"Diabetes | Parte 1 | Defini√ß√£o, tipos e fisiopatologia",https://www.youtube.com/watch?v=fwdkQTXEx1s,,Acesso em: 4/5/2024,Youtube,41
O que √© DIABETES? | Diabetes Explicada #1,https://www.youtube.com/watch?v=gs5h987ccRw,,Acesso em: 4/5/2024,Youtube,41
Voc√™ e o Doutor: Doen√ßas Sexualmente Transmiss√≠veis,https://www.youtube.com/watch?v=Qyt-3WQaH3Y,,Acesso em: 4/5/2024,Youtube,42
Infec√ß√µes Sexualmente Transmiss√≠veis ou ISTs,https://www.youtube.com/watch?v=YnF97SDx8w0,,Acesso em: 4/5/2024,Youtube,42
Gonorreia e S√≠filis | Saiba mais sobre essas Infec√ß√µes Sexualmente Transmiss√≠veis (ISTs),https://www.youtube.com/watch?v=g6CWMmQy16c,,Acesso em: 4/5/2024,Youtube,42
Doa√ß√£o de leite materno: entenda a import√¢ncia desse ato,https://www.youtube.com/watch?v=UAKipa5geaE,,Acesso em: 4/5/2024,Youtube,43
GR - Doa√ß√£o de leite: Um gesto de amor - 11-05-2017,https://www.youtube.com/watch?v=33G4Kpq02M0,,Acesso em: 4/5/2024,Youtube,43
ü•õCOMO DOAR LEITE MATERNO - Minha experi√™ncia,https://www.youtube.com/watch?v=LzXJTVPkVCs,,Acesso em: 4/5/2024,Youtube,43
COMO √â DOAR SANGUE? | Prof. Paulo Jubilut,https://www.youtube.com/watch?v=T6UXf8xFFUk,,Acesso em: 4/5/2024,Youtube,44
Doa√ß√£o De Sangue | Quem Pode Doar?,https://www.youtube.com/watch?v=-tADvOQYVZc,,Acesso em: 4/5/2024,Youtube,44
O GRAVE PROBLEMA DA DOA√á√ÉO DE SANGUE QUE NUNCA TE CONTARAM,https://www.youtube.com/watch?v=rde-x-pVkS8,,Acesso em: 4/5/2024,Youtube,44
A doen√ßa de Chagas,https://www.youtube.com/watch?v=FKOzSOyY3H4,,Acesso em: 4/5/2024,Youtube,45
Doen√ßa de Chagas - Resumo - Parasitologia,https://www.youtube.com/watch?v=z7XKeNHEvTw,,Acesso em: 4/5/2024,Youtube,45
Doen√ßa de Chagas,https://www.youtube.com/watch?v=5mKrRTLMpjo,,Acesso em: 4/5/2024,Youtube,45
Doen√ßa de Creutzfeldt Jakob | Jos√© G√≥es,https://www.youtube.com/watch?v=iwIs1ZUPBjs,,Acesso em: 4/5/2024,Youtube,46
DOEN√áA DE CREUTZFELDT-JAKOB,https://www.youtube.com/watch?v=oQvYhK47VOg,,Acesso em: 4/5/2024,Youtube,46
"Doen√ßa da vaca louca no Brasil, √© s√©rio? Doen√ßa de Creutzfeldt Jacob",https://www.youtube.com/watch?v=ltBLnCtQSkc,,Acesso em: 4/5/2024,Youtube,46
PRIMEIRA VEZ EM UMA DT-200 | REALIZEI UM SONHO,https://www.youtube.com/watch?v=BVVvr0VLk7E,,Acesso em: 4/5/2024,Youtube,47
"Medley Crian√ßas DT Toin Toin (Ao Vivo) - Diante do Trono, Ana Paula Valad√£o",https://www.youtube.com/watch?v=s_6G-8SUVOE,,Acesso em: 4/5/2024,Youtube,47
PRIMEIRA VEZ DE ROL√ä NUMA DT 200,https://www.youtube.com/watch?v=-VB-Fqozibw,,Acesso em: 4/5/2024,Youtube,47
EBOLA | Nerdologia,https://www.youtube.com/watch?v=roC9qqxJCo0,,Acesso em: 4/5/2024,Youtube,48
The Story of Ebola,https://www.youtube.com/watch?v=XCrOde-JYs0,,Acesso em: 4/5/2024,Youtube,48
What we know (and don&#39;t know) about Ebola - Alex Gendler,https://www.youtube.com/watch?v=UMMwgvLmN-M,,Acesso em: 4/5/2024,Youtube,48
Doen√ßas de Transmiss√£o H√≠drica - PARTE 01- Agente de Sa√∫de e Agente de Endemias - Aten√ß√£o B√°sica,https://www.youtube.com/watch?v=Oey9fkEjAvM,,Acesso em: 4/5/2024,Youtube,49
Conhe√ßa as principais doen√ßas de Veicula√ß√£o H√≠drica | 12 doen√ßas transmitidas pela √°gua contaminada,https://www.youtube.com/watch?v=PAcvMyAaYq4,,Acesso em: 4/5/2024,Youtube,49
DTA&#39;s - Doen√ßas transmitidas por alimentos,https://www.youtube.com/watch?v=5TjLyMBKo28,,Acesso em: 4/5/2024,Youtube,49
"DTP - Celebrity Chick ft. Ludacris, Chingy, Small World, Steph Jones",https://www.youtube.com/watch?v=DsKunPbe0hw,,Acesso em: 4/5/2024,Youtube,50
Violet Orlandi - DTP (Official Music Video),https://www.youtube.com/watch?v=veh28Mzb0-c,,Acesso em: 4/5/2024,Youtube,50
DTP Denuncias Venda Alvar√° 3 Mil,https://www.youtube.com/watch?v=tdiO3uRRajQ,,Acesso em: 4/5/2024,Youtube,50
Trag√©dia no Rio Grande do Sul: maior enchente em 150 anos | Bora Brasil,https://www.youtube.com/watch?v=GyLOa2vBJpM,,Acesso em: 4/5/2024,Youtube,51
A MAIOR DESTRUI√á√ÉO DAS ENCHENTES NO SUL,https://www.youtube.com/watch?v=0vqQyu2qNOQ,,Acesso em: 4/5/2024,Youtube,51
Inunda√ß√µes no Rio Grande do Sul: Passageiros de voo para Porto Alegre filmam cidade alagada; v√≠deos,https://www.youtube.com/watch?v=vUtDYVjJQZo,,Acesso em: 4/5/2024,Youtube,51
O que ensina o estudo Epicovid-19?,https://www.youtube.com/watch?v=SgUoOlQ6FEw,,Acesso em: 4/5/2024,Youtube,52
A explica√ß√£o do quase colapso na sa√∫de: resultados da pesquisa EpiCovid-19 | Prof. Eduardo Sprinz,https://www.youtube.com/watch?v=Txygo3BLmQ4,,Acesso em: 4/5/2024,Youtube,52
"Pedro Hallal, epidemiologista, coord. Epicovid-19 e prof. UFPel, sobre vacina√ß√£o no Brasil",https://www.youtube.com/watch?v=3sjYewqkV0Y,,Acesso em: 4/5/2024,Youtube,52
"Vacinas PENTAVALENTE, DTP, dT e dTpa (Aula Completa e Atualizada)",https://www.youtube.com/watch?v=eGZcrK6aeaw,,Acesso em: 4/5/2024,Youtube,53
"VACINA DTPa: Indica√ß√£o, apresenta√ß√£o, composi√ß√£o,  esquema.",https://www.youtube.com/watch?v=PuYL8rf0V_Q,,Acesso em: 4/5/2024,Youtube,53
"VACINA DTPa - Precau√ß√µes, contraindica√ß√µes e resolu√ß√£o de quest√µes",https://www.youtube.com/watch?v=TmsL9G31q18,,Acesso em: 4/5/2024,Youtube,53
Epiderm√≥lise bolhosa,https://www.youtube.com/watch?v=Dum22GM2-DI,,Acesso em: 4/5/2024,Youtube,54
Epiderm√≥lise bolhosa | Jos√© G√≥es,https://www.youtube.com/watch?v=9Rez57NMt9M,,Acesso em: 4/5/2024,Youtube,54
"2 filhos, 2 condi√ß√µes: autismo e epiderm√≥lise bolhosa",https://www.youtube.com/watch?v=GnTxQUcWghA,,Acesso em: 4/5/2024,Youtube,54
Esteatose Hep√°tica,https://www.youtube.com/watch?v=m3aLDShOXsU,,Acesso em: 4/5/2024,Youtube,55
Gordura no Figado ou Esteatose Hep√°tica,https://www.youtube.com/watch?v=XWMrkiPn73I,,Acesso em: 4/5/2024,Youtube,55
"Veja Sa√∫de: o risco da esteatose hep√°tica, a gordura no f√≠gado",https://www.youtube.com/watch?v=L_hkON91xe0,,Acesso em: 4/5/2024,Youtube,55
ESCLEROSE LATERAL AMIOTR√ìFICA (Fisiopatologia da ELA) - Rog√©rio Souza,https://www.youtube.com/watch?v=LZPDzpy-pQg,,Acesso em: 4/5/2024,Youtube,56
ELA - ESCLEROSE LATERAL AMIOTR√ìFICA,https://www.youtube.com/watch?v=6iedePs6Hes,,Acesso em: 4/5/2024,Youtube,56
Sintomas de Esclerose Lateral Amiotr√≥fica - Sintomas da ELA | Dr Diego de Castro Neurologista,https://www.youtube.com/watch?v=2LeEbEJqNBA,,Acesso em: 4/5/2024,Youtube,56
O que voc√™ precisa saber sobre Febre Amarela,https://www.youtube.com/watch?v=UUOl9Tgy_g0,,Acesso em: 4/5/2024,Youtube,57
FEBRE AMARELA,https://www.youtube.com/watch?v=eVQdoS1s57Q,,Acesso em: 4/5/2024,Youtube,57
Febre Amarela resumo,https://www.youtube.com/watch?v=fVH8POtj0Hg,,Acesso em: 4/5/2024,Youtube,57
5 raz√µes da alta letalidade da febre maculosa,https://www.youtube.com/watch?v=OlJJl1J7BtU,,Acesso em: 4/5/2024,Youtube,58
FEBRE MACULOSA - Doen√ßas Bacterianas | Biologia com Samuel Cunha,https://www.youtube.com/watch?v=TH5BnmCK4jc,,Acesso em: 4/5/2024,Youtube,58
Entenda o que √© e quais s√£o os sintomas da febre maculosa,https://www.youtube.com/watch?v=FKddbygMtRs,,Acesso em: 4/5/2024,Youtube,58
V√≠rus Febre Mayaro I O primo da Chykungunya I Parasitologia,https://www.youtube.com/watch?v=fQ7-b1ySuc8,,Acesso em: 4/5/2024,Youtube,59
"Veja Sa√∫de: as diferen√ßas entre mayaro, chikungunya e dengue",https://www.youtube.com/watch?v=CnNQ98un0KA,,Acesso em: 4/5/2024,Youtube,59
Febre oropouche pode aparecer de maneira mais forte neste ver√£o,https://www.youtube.com/watch?v=tED-WWuKkkg,,Acesso em: 4/5/2024,Youtube,59
Saiba tudo sobre  febre Mayaro - mais um v√≠rus transmitido pelo Aedes Egypti,https://www.youtube.com/watch?v=2thDJAIqlug,,Acesso em: 4/5/2024,Youtube,59
"Novo v√≠rus Mayaro: sintomas, preven√ß√£o e tratamento - De A a Zuca (27/05/19)",https://www.youtube.com/watch?v=CfXK9F8BEG0,,Acesso em: 4/5/2024,Youtube,59
Febre Mayaro tamb√©m √© um v√≠rus do Aedes Aegypti. ED 209 BL2,https://www.youtube.com/watch?v=WTeCjmCB-fA,,Acesso em: 4/5/2024,Youtube,59
Febre Mayaro - Entomologia,https://www.youtube.com/watch?v=AGbIS-E7aQA,,Acesso em: 4/5/2024,Youtube,59
V√≠rus Mayaro - Nova epidemia?,https://www.youtube.com/watch?v=-obq-zP3UFg,,Acesso em: 4/5/2024,Youtube,59
O que √© a febre do Nilo?,https://www.youtube.com/watch?v=yastiN0x_Is,,Acesso em: 4/5/2024,Youtube,59
"Com sintomas parecidos aos da Dengue e da Chikungunya, v√≠rus Mayaro teve 70 casos confirmados no pa√≠",https://www.youtube.com/watch?v=4iAvr7qKZ9Y,,Acesso em: 4/5/2024,Youtube,59
Mayaro: conhe√ßa a doen√ßa que tamb√©m √© transmitida pelo mosquito Aedes aegypti,https://www.youtube.com/watch?v=49tBJz_oxlI,,Acesso em: 4/5/2024,Youtube,59
INFECTOLOGIA COM DRA. RENATA BELTR√ÉO -  ARBOVIROSES  - MAYARO,https://www.youtube.com/watch?v=N5XIk1RKuNY,,Acesso em: 4/5/2024,Youtube,59
Afinal o que √© o V√≠rus MAYARO?  ZIKA? CHICKUNGUNYA? l Raphael Rangel,https://www.youtube.com/watch?v=cOtBZpVK3P8,,Acesso em: 4/5/2024,Youtube,59
Febre do V√≠rus Mayaro,https://www.youtube.com/watch?v=f9CV7-1gAzs,,Acesso em: 4/5/2024,Youtube,59
FEBRE DE MAYARO,https://www.youtube.com/watch?v=FHM_n5KUcdw,,Acesso em: 4/5/2024,Youtube,59
V√≠rus Oropouche,https://www.youtube.com/watch?v=mT6wuMJP95U,,Acesso em: 4/5/2024,Youtube,59
Epidemia do Mayaro v√≠rus | Rotina na Medicina,https://www.youtube.com/watch?v=RjAXR68G3_U,,Acesso em: 4/5/2024,Youtube,59
FVS alerta para Febre do Mayaro e Oropouche | Manh√£ no Ar - TV A Cr√≠tica,https://www.youtube.com/watch?v=O09_COH0oes,,Acesso em: 4/5/2024,Youtube,59
Novo v√≠rus no Brasil: Devo me preocupar com a Febre do Nilo Ocidental?,https://www.youtube.com/watch?v=sPvqeL6jd7Y,,Acesso em: 4/5/2024,Youtube,59
Chikungunya - Brasil Escola,https://www.youtube.com/watch?v=nHjcbHq36OY,,Acesso em: 4/5/2024,Youtube,59
TBC 1 | ESPECIALISTA EXPLICA NOVO V√çRUS MAYARO,https://www.youtube.com/watch?v=GHf9YFmISrQ,,Acesso em: 4/5/2024,Youtube,59
FMS confirma 1¬∞ caso de Febre Oropouche; paciente estava no HUT,https://www.youtube.com/watch?v=SWyj7WpBQi0,,Acesso em: 4/5/2024,Youtube,59
INFECTOLOGIA COM DRA. RENATA BELTR√ÉO - ARBOVIROSES - FEBRE DO NILO DO OCIDENTE,https://www.youtube.com/watch?v=SQUgKeXlRjE,,Acesso em: 4/5/2024,Youtube,59
Aedes aegypti pode transmitir novo v√≠rus,https://www.youtube.com/watch?v=54a1xPyHxjw,,Acesso em: 4/5/2024,Youtube,59
V√çRUS OROPOUCHE E V√çRUS MAYARO: Podem virar PANDEMIAS?,https://www.youtube.com/watch?v=aoeEyTB3gL4,,Acesso em: 4/5/2024,Youtube,59
Esporotricose em Humanos,https://www.youtube.com/watch?v=FYzOnSSRIL4,,Acesso em: 4/5/2024,Youtube,60
PERSPECTIVAS - Esporotricose,https://www.youtube.com/watch?v=iFUQ_BWQq_M,,Acesso em: 4/5/2024,Youtube,60
ESPOROTRICOSE EM HUMANOS - MEU RELATO NA REAL - Lu√∫ Sirqueira,https://www.youtube.com/watch?v=PRfvbicCkj0,,Acesso em: 4/5/2024,Youtube,60
"FEBRE TIFOIDE - CARACTER√çSTICAS, SINTOMAS, DIAGN√ìSTICO E TRATAMENTO - INFECTOLOGIA",https://www.youtube.com/watch?v=vGWGF-72pI4,,Acesso em: 4/5/2024,Youtube,61
"Febre tif√≥ide - caracter√≠sticas, sintomas e preven√ß√£o",https://www.youtube.com/watch?v=tEKvTNM2m7k,,Acesso em: 4/5/2024,Youtube,61
"Febre tifoide, gastrenterite e salmonelose - Parasitologia - Biologia",https://www.youtube.com/watch?v=ax9mOZGrLMs,,Acesso em: 4/5/2024,Youtube,61
O que √© a febre do Nilo?,https://www.youtube.com/watch?v=yastiN0x_Is,,Acesso em: 4/5/2024,Youtube,62
Novo v√≠rus no Brasil: Devo me preocupar com a Febre do Nilo Ocidental?,https://www.youtube.com/watch?v=sPvqeL6jd7Y,,Acesso em: 4/5/2024,Youtube,62
INFECTOLOGIA COM DRA. RENATA BELTR√ÉO - ARBOVIROSES - FEBRE DO NILO DO OCIDENTE,https://www.youtube.com/watch?v=SQUgKeXlRjE,,Acesso em: 4/5/2024,Youtube,62
OROPOUCHE: Nova epidemia com mesmos sintomas da dengue?,https://www.youtube.com/watch?v=6JbHpom7c08,,Acesso em: 4/5/2024,Youtube,63
Febre oropouche pode aparecer de maneira mais forte neste ver√£o,https://www.youtube.com/watch?v=tED-WWuKkkg,,Acesso em: 4/5/2024,Youtube,63
Casos de febre Oropuche crescem ao redor do pa√≠s| BandNews TV,https://www.youtube.com/watch?v=3x5iemzh70g,,Acesso em: 4/5/2024,Youtube,63
Aula de Feo-Hifomicose,https://www.youtube.com/watch?v=uo6mVbcJFm8,,Acesso em: 4/5/2024,Youtube,64
Micetoma MED 2021,https://www.youtube.com/watch?v=p_Tb_ineAUU,,Acesso em: 4/5/2024,Youtube,64
Dermatofitose equina,https://www.youtube.com/watch?v=AMMfssDKpAU,,Acesso em: 4/5/2024,Youtube,64
Quando √© necess√°ria realizar a Postectomia? CIRURGIA DE FIMOSE,https://www.youtube.com/watch?v=8jXeAVA1XV8,,Acesso em: 4/5/2024,Youtube,65
Fimose em adulto: quando operar?,https://www.youtube.com/watch?v=LUoRW7Xn9JE,,Acesso em: 4/5/2024,Youtube,65
FIMOSE COMO √â A CIRURGIA?,https://www.youtube.com/watch?v=CzUHFaNQw-Y,,Acesso em: 4/5/2024,Youtube,65
ESQUISTOSSOMOSE: Schistosoma mansoni + DICAS PARA SUA PROVA PR√ÅTICA | Parte 1 | PARASITOLOGIA #11,https://www.youtube.com/watch?v=dIkEi0LxhcY,,Acesso em: 4/5/2024,Youtube,66
Esquistossomose - Resumo Esquematizado,https://www.youtube.com/watch?v=Yz9AW471cG0,,Acesso em: 4/5/2024,Youtube,66
ESQUISTOSSOMOSE: Schistosoma mansoni | Parte 2 | PARASITOLOGIA #11,https://www.youtube.com/watch?v=gj6Nq6ApvmM,,Acesso em: 4/5/2024,Youtube,66
Maracuj√°/ Fusariose veja os sintomas,https://www.youtube.com/watch?v=WUc1aVZpMck,,Acesso em: 4/5/2024,Youtube,67
Murcha de fusarium no feij√£o..,https://www.youtube.com/watch?v=Z5UB_pFqkwU,,Acesso em: 4/5/2024,Youtube,67
"PNEUMONIAS F√öNGICAS: FUSARIOSE, ESPOROTRICOSE E MUCORMICOSE",https://www.youtube.com/watch?v=Ja_QGusX1Ts,,Acesso em: 4/5/2024,Youtube,67
Geohelmintiase,https://www.youtube.com/watch?v=tkAYFf3WC3s,,Acesso em: 4/5/2024,Youtube,68
Desvendando os Geo-helmintos: Ascaris lumbricoides,https://www.youtube.com/watch?v=Tit2W3t4b3Q,,Acesso em: 4/5/2024,Youtube,68
Desvendando os Geo-helmintos: Ancilostom√≠deos,https://www.youtube.com/watch?v=OdczDZffZts,,Acesso em: 4/5/2024,Youtube,68
TUDO O QUE VOC√ä PRECISA SOBRE O PRIMEIRO M√äS DE GRAVIDEZ | Dra Ana Jannuzzi,https://www.youtube.com/watch?v=US4QH-781Kc,,Acesso em: 4/5/2024,Youtube,69
RISCOS E CUIDADOS NOS PRIMEIROS TR√äS MESES DE GRAVIDEZ | MACETES DE M√ÉE,https://www.youtube.com/watch?v=xwrHl5R_83I,,Acesso em: 4/5/2024,Youtube,69
Veja dicas para uma boa alimenta√ß√£o durante a gravidez,https://www.youtube.com/watch?v=3FksyfP1FSs,,Acesso em: 4/5/2024,Youtube,69
INFLUENZA (GRIPE) - PROF. ALEXANDRE FUNCK,https://www.youtube.com/watch?v=iH1PMND-2Qs,,Acesso em: 4/5/2024,Youtube,70
Gripe (influenza) - tudo o que voc√™ precisa saber,https://www.youtube.com/watch?v=DtNljrox_Do,,Acesso em: 4/5/2024,Youtube,70
Gripe Influenza e H1N1 - Voc√™ Bonita (17/05/17),https://www.youtube.com/watch?v=s41R45LP9Oc,,Acesso em: 4/5/2024,Youtube,70
HIDATIDOSE: Echinococcus sp. | PARASITOLOGIA #17,https://www.youtube.com/watch?v=ofLOmZHeZ5E,,Acesso em: 4/5/2024,Youtube,71
V√≠deo Hidatidose SES/RS,https://www.youtube.com/watch?v=VpM2OugOduk,,Acesso em: 4/5/2024,Youtube,71
HIDATIDOSE - PARASITOLOGIA 18,https://www.youtube.com/watch?v=4GhK1v-QXtg,,Acesso em: 4/5/2024,Youtube,71
A maldi√ß√£o de Tutanc√¢mon: Histoplasmose - sintomas e tratamento #43,https://www.youtube.com/watch?v=ThS3lPMWaio,,Acesso em: 4/5/2024,Youtube,72
039. Histoplasmose:  Da Etiologia ao Tratamento,https://www.youtube.com/watch?v=6alCRmYnfwY,,Acesso em: 4/5/2024,Youtube,72
Histoplasmose disseminada: Novos cen√°rios cl√≠nicos e estratr√©gias diagn√≥sticas,https://www.youtube.com/watch?v=u_Oj4wEh8Ko,,Acesso em: 4/5/2024,Youtube,72
Hantavirose no Brasil - Renato Cassol M√©dico Infectologista,https://www.youtube.com/watch?v=iGLu9F1xUrE,,Acesso em: 4/5/2024,Youtube,73
"Hantavirose - caracter√≠sticas, sintomas e preven√ß√£o",https://www.youtube.com/watch?v=zYpXcUtNvHY,,Acesso em: 4/5/2024,Youtube,73
Hantaviroses,https://www.youtube.com/watch?v=M4shJLB2V18,,Acesso em: 4/5/2024,Youtube,73
Sa√∫de Preventiva - Infec√ß√µes Sexualmente Transmiss√≠veis (IST),https://www.youtube.com/watch?v=KGhR0db0Obg,,Acesso em: 4/5/2024,Youtube,74
S√çFILIS ou CANCRO DURO - IST ou DST | Biologia com Samuel Cunha,https://www.youtube.com/watch?v=hepcCubW4hM,,Acesso em: 4/5/2024,Youtube,74
Infec√ß√µes Sexualmente Transmiss√≠veis ou ISTs,https://www.youtube.com/watch?v=YnF97SDx8w0,,Acesso em: 4/5/2024,Youtube,74
Voc√™ e o Doutor: aprenda tudo sobre o v√≠rus HPV,https://www.youtube.com/watch?v=FuyfPZ3ClsU,,Acesso em: 4/5/2024,Youtube,75
TUDO QUE VOC√ä PRECISA SABER SOBRE O HPV (O que √© ? Quais os sintomas? Como prevenir e tratar ?),https://www.youtube.com/watch?v=Tpc2jUJyTPI,,Acesso em: 4/5/2024,Youtube,75
O Que Devo Saber Sobre HPV?,https://www.youtube.com/watch?v=jqDQDlctHig,,Acesso em: 4/5/2024,Youtube,75
Herpes simples - o que funciona e o que √© mito? Renato Cassol Infectologista,https://www.youtube.com/watch?v=UzwEUVJNm9k,,Acesso em: 4/5/2024,Youtube,76
"Herpes Simples - Descubra o que √© essa doen√ßa, sintomas e tratamentos",https://www.youtube.com/watch?v=qXLzes0lTJk,,Acesso em: 4/5/2024,Youtube,76
Saiba a diferen√ßa entre herpes simples e herpes zoster - Voc√™ Bonita (22/04/21),https://www.youtube.com/watch?v=Efp8tGMbfgw,,Acesso em: 4/5/2024,Youtube,76
Insola√ß√£o: principais sintomas e como se prevenir - Voc√™ Bonita (22/01/21),https://www.youtube.com/watch?v=tGY1vb1w3t4,,Acesso em: 4/5/2024,Youtube,77
Insola√ß√£o e Desidrata√ß√£o,https://www.youtube.com/watch?v=PbEd8LoxrZI,,Acesso em: 4/5/2024,Youtube,77
Insola√ß√£o: sintomas e tratamentos - Voc√™ Bonita (08/01/20),https://www.youtube.com/watch?v=YT76iRHX9QU,,Acesso em: 4/5/2024,Youtube,77
"INFARTO: SINTOMAS, CAUSAS E O QUE FAZER",https://www.youtube.com/watch?v=RftUDoMkS-4,,Acesso em: 4/5/2024,Youtube,78
Infarto fulminante: como acontece um ataque card√≠aco? (2021),https://www.youtube.com/watch?v=Z-dS4FvVli4,,Acesso em: 4/5/2024,Youtube,78
Sistema Cardiovascular 5/6: Art√©rias Coron√°rias e Infarto Agudo do Mioc√°rdio | Anatomia e etc.,https://www.youtube.com/watch?v=oGurYO1t-wU,,Acesso em: 4/5/2024,Youtube,78
Por que v√≠rus H5N1 preocupa cientistas e pode virar pandemia,https://www.youtube.com/watch?v=ZMCVgtV2sG4,,Acesso em: 4/5/2024,Youtube,79
O cerco est√° se fechando: Influenza Avi√°ria na Am√©rica Latina,https://www.youtube.com/watch?v=xDO3jiQSp10,,Acesso em: 4/5/2024,Youtube,79
[Aula gr√°tis] PNSA: Influenza Avi√°ria,https://www.youtube.com/watch?v=fQPZCB-igEk,,Acesso em: 4/5/2024,Youtube,79
O HTLV √© um v√≠rus primo do HIV? E o HTLV na gravidez?,https://www.youtube.com/watch?v=FgENGxSKsik,,Acesso em: 4/5/2024,Youtube,80
V√≠rus HTLV tem cura? Quais s√£o os sintomas iniciais? - Dr. Bernardo Infectologista,https://www.youtube.com/watch?v=imebAJFBzoQ,,Acesso em: 4/5/2024,Youtube,80
V√≠rus HTLV √© pouco conhecido e pode levar √† doen√ßas cr√¥nicas,https://www.youtube.com/watch?v=uNfQlvKIJqo,,Acesso em: 4/5/2024,Youtube,80
Leishmaniose Visceral ( Calazar),https://www.youtube.com/watch?v=N8RRO14zco8,,Acesso em: 4/5/2024,Youtube,81
Leishmaniose Visceral (Calazar) - Resumo - Parasitologia,https://www.youtube.com/watch?v=CGrhLAjlqoQ,,Acesso em: 4/5/2024,Youtube,81
Leishmaniose Visceral + DICAS PARA SUA PROVA PR√ÅTICA | Parte 1 | PARASITOLOGIA #6,https://www.youtube.com/watch?v=BUAi29yEWq0,,Acesso em: 4/5/2024,Youtube,81
LEAN NAS EMERG√äNCIAS: ENTENDA O QUE √â E COMO FUNCIONA O PROJETO | PODCAST MORSCH,https://www.youtube.com/watch?v=-iODxwiSEEA,,Acesso em: 4/5/2024,Youtube,82
AULA R√ÅPIDA: HIST√ìRIAS DOS HOSPITAIS E DA METODOLOGIA LEAN,https://www.youtube.com/watch?v=_7RyZHu1wLU,,Acesso em: 4/5/2024,Youtube,82
AULA R√ÅPIDA: HUDDLE,https://www.youtube.com/watch?v=ncooucvTnOE,,Acesso em: 4/5/2024,Youtube,82
GIRO LOUCO - MC PH (GR6 Explode) DJ Murillo e LT No Beat,https://www.youtube.com/watch?v=qxpYri5vHU4,,Acesso em: 4/5/2024,Youtube,83
"O que √©, e como usar o Suporte LT",https://www.youtube.com/watch?v=lqBIh0TTcE8,,Acesso em: 4/5/2024,Youtube,83
SUV 1.0 turbo anda bem? Rubens Barrichello leva o Chevrolet Tracker LT para a Volta R√°pida #214,https://www.youtube.com/watch?v=bYnXU_e3Vhc,,Acesso em: 4/5/2024,Youtube,83
O que √© Leptospirose?,https://www.youtube.com/watch?v=qbsdVDlDRKk,,Acesso em: 4/5/2024,Youtube,84
Leptospirose - Aula MR,https://www.youtube.com/watch?v=aEoCx6I7ots,,Acesso em: 4/5/2024,Youtube,84
"LEPTOSPIROSE - O QUE √â, SINTOMAS, DIAGN√ìSTICO E TRATAMENTO - DOEN√áA DO RATO - INFECTOLOGIA",https://www.youtube.com/watch?v=CAdk-kVoNLc,,Acesso em: 4/5/2024,Youtube,84
VACINA PENTAVALENTE - PARTE 1,https://www.youtube.com/watch?v=Z6E7QjcFtAI,,Acesso em: 4/5/2024,Youtube,85
"Vacinas PENTAVALENTE, DTP, dT e dTpa (Aula Completa e Atualizada)",https://www.youtube.com/watch?v=eGZcrK6aeaw,,Acesso em: 4/5/2024,Youtube,85
VACINA PENTAVALENTE | Calend√°rio de Vacina√ß√£o Infantil | Parte 5,https://www.youtube.com/watch?v=78uu_j8fxKo,,Acesso em: 4/5/2024,Youtube,85
Micetoma MED 2021,https://www.youtube.com/watch?v=p_Tb_ineAUU,,Acesso em: 4/5/2024,Youtube,86
Micetoma MED,https://www.youtube.com/watch?v=5TZUoXWxhX0,,Acesso em: 4/5/2024,Youtube,86
Micetomas,https://www.youtube.com/watch?v=cJiax3GJwCo,,Acesso em: 4/5/2024,Youtube,86
A Peste Negra | Nerdologia,https://www.youtube.com/watch?v=Q87c4UBXTpY,,Acesso em: 4/5/2024,Youtube,87
Makima (Chainsaw Man) | A Peste | Isis Vasconcellos,https://www.youtube.com/watch?v=TTTpT0nzeEk,,Acesso em: 4/5/2024,Youtube,87
"PESTE NEGRA - Hist√≥ria, Causas, Sintomas e Tratamento",https://www.youtube.com/watch?v=U4I-0OH-Szo,,Acesso em: 4/5/2024,Youtube,87
FUNGOS E MICOLOGIA (PARTE 4): MICOSES SIST√äMICAS - Profa Louise Helena.,https://www.youtube.com/watch?v=gyc7sDqiIag,,Acesso em: 4/5/2024,Youtube,88
DOEN√áAS CAUSADAS POR PARASITAS - Parasitoses | Biologia com Samuel Cunha,https://www.youtube.com/watch?v=ypyFcOnYpSc,,Acesso em: 4/5/2024,Youtube,88
OLHO CL√çNICO - CROMOBLASTOMICOSE (30/03/15),https://www.youtube.com/watch?v=QfxAo16ZCHc,,Acesso em: 4/5/2024,Youtube,88
POLIOMIELITE,https://www.youtube.com/watch?v=MORhliCcwAQ,,Acesso em: 4/5/2024,Youtube,89
A VOLTA DA POLIOMIELITE: COMO SE PROTEGER,https://www.youtube.com/watch?v=twuOZuWpptc,,Acesso em: 4/5/2024,Youtube,89
POLIOMIELITE E S√çNDROME P√ìS P√ìLIO,https://www.youtube.com/watch?v=JOO1ZZQ_BPY,,Acesso em: 4/5/2024,Youtube,89
O que √© e o que voc√™ precisa saber sobre PCDT,https://www.youtube.com/watch?v=5PIIFP2ibO0,,Acesso em: 4/5/2024,Youtube,90
PCDT Hansen√≠ase,https://www.youtube.com/watch?v=A_sfvxH6eag,,Acesso em: 4/5/2024,Youtube,90
14 O que s√£o os PCDT e DDTs no Sistema de Sa√∫de?,https://www.youtube.com/watch?v=lx41TwWa9PA,,Acesso em: 4/5/2024,Youtube,90
"PIX OU PRESENTE | J Vila, Don Juan, Kelvinho, Ryan SP, GP, Luuky e Magal (Torricelli e DJ Carlinhos)",https://www.youtube.com/watch?v=D8kbEOIHJ6E,,Acesso em: 4/5/2024,Youtube,91
Tipos de servi√ßos de Pr√°ticas Integrativas e Complementares Sa√∫de - PNPIC,https://www.youtube.com/watch?v=2X8aDcknENc,,Acesso em: 4/5/2024,Youtube,91
Objetivos da Pol√≠tica Nacional de Pr√°ticas Integrativas e Complementares no SUS - PNPIC,https://www.youtube.com/watch?v=IdTYW4BkBw4,,Acesso em: 4/5/2024,Youtube,91
A VOLTA PREOCUPANTE DO V√çRUS MAIS LETAL DO MUNDO | V√≠rus da Raiva,https://www.youtube.com/watch?v=gXYSvLBoHAc,,Acesso em: 4/5/2024,Youtube,92
11 Passos para manejar a raiva,https://www.youtube.com/watch?v=IgO1pA1BppU,,Acesso em: 4/5/2024,Youtube,92
"Raiva humana causa 60 mil mortes por ano no mundo, diz OMS - Correspondente M√©dico",https://www.youtube.com/watch?v=fkMNuvxstQE,,Acesso em: 4/5/2024,Youtube,92
"Microcefalia: 5 anos depois, a vida de fam√≠lia transformada pela zika",https://www.youtube.com/watch?v=_1V4o6wRZhM,,Acesso em: 4/5/2024,Youtube,93
Saiba o que √© a microcefalia | Momento Papo de M√£e,https://www.youtube.com/watch?v=VyPD-KSUMZg,,Acesso em: 4/5/2024,Youtube,93
"MICROCEFALIA: causas, manifesta√ß√µes e tratamentos necess√°rios #PC #microcefalia",https://www.youtube.com/watch?v=mKVOC3mAMJA,,Acesso em: 4/5/2024,Youtube,93
L√öPUS: A Doen√ßa Autoimune que a Ci√™ncia Come√ßou a ENTENDER,https://www.youtube.com/watch?v=ufOxITAKb_U,,Acesso em: 4/5/2024,Youtube,94
L√∫pus: saiba tudo sobre essa doen√ßa autoimune. // Viver Bem,https://www.youtube.com/watch?v=0EfQLosgHMc,,Acesso em: 4/5/2024,Youtube,94
Sintomas de L√∫pus [SINAIS PERIGOSOS PARA PRESTAR ATEN√á√ÉO],https://www.youtube.com/watch?v=AqlNOMnoOMw,,Acesso em: 4/5/2024,Youtube,94
Tudo sobre o ROTAV√çRUS | MACETES DE M√ÉE,https://www.youtube.com/watch?v=O2aZJbSsAzg,,Acesso em: 4/5/2024,Youtube,95
VACINA ROTAV√çRUS (Aula completa e Atualizada),https://www.youtube.com/watch?v=b6a4t9kckEI,,Acesso em: 4/5/2024,Youtube,95
VACINA ROTAV√çRUS | Calend√°rio de vacina√ß√£o infantil | VORH | Parte 6,https://www.youtube.com/watch?v=8yYQ7s_NJ5I,,Acesso em: 4/5/2024,Youtube,95
M√©dico explica por que OMS deixou de classificar mpox como emerg√™ncia de sa√∫de global | LIVE CNN,https://www.youtube.com/watch?v=byW1PUew01A,,Acesso em: 4/5/2024,Youtube,96
Mpox: entenda tudo sobre a doen√ßa,https://www.youtube.com/watch?v=gvqYnoGyGyw,,Acesso em: 4/5/2024,Youtube,96
Como √© ter monkeypox? | Lucas Raniel,https://www.youtube.com/watch?v=vfMQkSVNr_Y,,Acesso em: 4/5/2024,Youtube,96
"Mucormicose: 5 perguntas sobre a rara infec√ß√£o conhecida como &#39;fungo negro&#39;, ligada √† covid-19",https://www.youtube.com/watch?v=5tilYHAu3Fk,,Acesso em: 4/5/2024,Youtube,97
Dr. √Ålvaro Furtado explica como a mucormicose se desenvolve em pacientes com Covid-19,https://www.youtube.com/watch?v=WKxmBXEr4fk,,Acesso em: 4/5/2024,Youtube,97
Fungo Negro: Principais d√∫vidas sobre a Mucormicose #fungonegro,https://www.youtube.com/watch?v=6LgEbu5IA34,,Acesso em: 4/5/2024,Youtube,97
Mucormicose,https://www.youtube.com/watch?v=BZAADeEOSiI,,Acesso em: 4/5/2024,Youtube,97
FUNGO NEGRO - Entenda a Mucormicose üî¨,https://www.youtube.com/watch?v=k3PnPRRlZ-U,,Acesso em: 4/5/2024,Youtube,97
Mucormicose e a Covid-19,https://www.youtube.com/watch?v=SI6ST63tWPU,,Acesso em: 4/5/2024,Youtube,97
Mucormicose: saiba o que √© o ‚Äúfungo negro‚Äù e  qual a rela√ß√£o com a Covid-19.,https://www.youtube.com/watch?v=6CA04Esg9M4,,Acesso em: 4/5/2024,Youtube,97
Mucormicose: o que √© o fungo negro que tem agravado os casos de Covid-19 na √çndia?,https://www.youtube.com/watch?v=1gNhRss_udM,,Acesso em: 4/5/2024,Youtube,97
"PNEUMONIAS F√öNGICAS: FUSARIOSE, ESPOROTRICOSE E MUCORMICOSE",https://www.youtube.com/watch?v=Ja_QGusX1Ts,,Acesso em: 4/5/2024,Youtube,97
MUCORMICOSE,https://www.youtube.com/watch?v=5XDxgwIL-l0,,Acesso em: 4/5/2024,Youtube,97
"M√©dico de Joinville explica o que √© a Mucormicose, ou fungo negro, e como evitar a doen√ßa",https://www.youtube.com/watch?v=8jUMzf4A9dY,,Acesso em: 4/5/2024,Youtube,97
MUCORMICOSE: O FUNGO PRETO ASSOCIADO A COVID,https://www.youtube.com/watch?v=y0O4kLd4_Ss,,Acesso em: 4/5/2024,Youtube,97
Mucormicose: Fungo Negro mutila pacientes de Covid-19 na √çndia,https://www.youtube.com/watch?v=-pX7D3QZzmI,,Acesso em: 4/5/2024,Youtube,97
Epidemia Mucormicose Surto de Fungo Negro Preto nos Pacientes de Covid-19 na √çndia,https://www.youtube.com/watch?v=UtrprFY20l0,,Acesso em: 4/5/2024,Youtube,97
Fungo Negro e pacientes com Covid-19!#MUCORMICOSE!,https://www.youtube.com/watch?v=7QmnUexqhxg,,Acesso em: 4/5/2024,Youtube,97
Fungo preto da √≠ndia mucormicose covid 19,https://www.youtube.com/watch?v=YhgafyTdzvg,,Acesso em: 4/5/2024,Youtube,97
FUNGO PRETO A MUCORMICOSE (BLACK FUNGUS) QUE MATA | MUNDO EM ALERTA,https://www.youtube.com/watch?v=GRNaCTBia0c,,Acesso em: 4/5/2024,Youtube,97
FUNGO CARN√çVORO MUCORMICOSE,https://www.youtube.com/watch?v=FohZ6sbern4,,Acesso em: 4/5/2024,Youtube,97
MUCORMICOSE (fungo negro) pesadelo na pandemia.,https://www.youtube.com/watch?v=9CgFLgJDQ7w,,Acesso em: 4/5/2024,Youtube,97
Correspondente m√©dico: Fungo que afeta recuperados de Covid na √çndia √© raro - Correspondente M√©dico,https://www.youtube.com/watch?v=Pc65BZED0JM,,Acesso em: 4/5/2024,Youtube,97
MUCORMICOSE: O FUNGO PRETO QUE EST√Å PREOCUPANDO AS PESSOAS | COVID-19,https://www.youtube.com/watch?v=ZrHMI80CS5Q,,Acesso em: 4/5/2024,Youtube,97
"Fungo Negro: Mucormicose, pesadelo da pandemia no Brasil",https://www.youtube.com/watch?v=fwf1pUgD2RY,,Acesso em: 4/5/2024,Youtube,97
Fungo Negro ou Mucormicose: mais de 9 mil infectados na √≠ndia.,https://www.youtube.com/watch?v=yHeiRxK-e7Y,,Acesso em: 4/5/2024,Youtube,97
Fungo negro | DC Explica,https://www.youtube.com/watch?v=NUjMLqJN8cw,,Acesso em: 4/5/2024,Youtube,97
O que √© Meningite? Conhe√ßa os sintomas e as causas,https://www.youtube.com/watch?v=sMJBgX-s8xc,,Acesso em: 4/5/2024,Youtube,98
O que voc√™ precisa saber sobre o novo surto de meningite,https://www.youtube.com/watch?v=PlWCzOq0s6o,,Acesso em: 4/5/2024,Youtube,98
A Meningite - As Grandes Epidemias (4 de 5),https://www.youtube.com/watch?v=PtU22ckhBEQ,,Acesso em: 4/5/2024,Youtube,98
OQUE √â A S√çNDROME DE HAFF?,https://www.youtube.com/watch?v=TGgKSMbAFrk,,Acesso em: 4/5/2024,Youtube,99
Especialista do HC-UFPE/Ebserh fala sobre a Doen√ßa de Haff,https://www.youtube.com/watch?v=2-hfWTOFXUM,,Acesso em: 4/5/2024,Youtube,99
"Veterin√°ria morre v√≠tima de &#39;urina preta&#39;, s√≠ndrome rara associada a peixes - Correspondente M√©dico",https://www.youtube.com/watch?v=GfRumpQpeII,,Acesso em: 4/5/2024,Youtube,99
Rub√©ola,https://www.youtube.com/watch?v=y2IIPSpDMZY,,Acesso em: 4/5/2024,Youtube,100
Doen√ßas exantem√°ticas - Parte 1 (sarampo e rub√©ola) - Aula SanarFlix,https://www.youtube.com/watch?v=yK0RRQYVFKM,,Acesso em: 4/5/2024,Youtube,100
Rub√©ola sintomas / rub√©ola na gravidez / Como tratar rub√©ola?,https://www.youtube.com/watch?v=kP6C7UjFSFs,,Acesso em: 4/5/2024,Youtube,100
ONCOCERCOSE - ONCHOCERCA VOLVULUS (VERMINOSE) - PARASITOLOGIA | INFECTOLOGIA,https://www.youtube.com/watch?v=huN_EcSTJCE,,Acesso em: 4/5/2024,Youtube,101
Oncocercose,https://www.youtube.com/watch?v=_gfxqWQ0ylE,,Acesso em: 4/5/2024,Youtube,101
"Parasitologia: Onchocerca Volvulus - Manifesta√ß√µes Cl√≠nicas, Diagn√≥stico e Tratamento",https://www.youtube.com/watch?v=7-pxbm_eiis,,Acesso em: 4/5/2024,Youtube,101
Conhe√ßa os principais riscos relacionados √† infec√ß√£o por Salmonella - Correspondente M√©dico,https://www.youtube.com/watch?v=KB6M29NeMgk,,Acesso em: 5/5/2024,Youtube,102
SALMONELA - PROF. ALEXANDRE FUNCK,https://www.youtube.com/watch?v=VVZZO-g8lPg,,Acesso em: 5/5/2024,Youtube,102
SALMONELLA: SINAIS E SINTOMAS/DEIXA COM O PAPAI,https://www.youtube.com/watch?v=c0L_oHBfsT0,,Acesso em: 5/5/2024,Youtube,102
Estatuto do Idoso - Direito √† Sa√∫de (Profa. Juliana Mello),https://www.youtube.com/watch?v=5gyPoatElis,,Acesso em: 5/5/2024,Youtube,103
Sa√∫de do Idoso - parte 1,https://www.youtube.com/watch?v=Va3aqXCOnZE,,Acesso em: 5/5/2024,Youtube,103
Sa√∫de do idoso,https://www.youtube.com/watch?v=AUKBbTVtk1g,,Acesso em: 5/5/2024,Youtube,103
Saude do idoso: aspectos gerais.,https://www.youtube.com/watch?v=0Zu5Y0fWGzo,,Acesso em: 5/5/2024,Youtube,103
Caderno Aten√ß√£o B√°sica n¬∫ 19 - Envelhecimento e Sa√∫de da Pessoa Idosa - Parte I,https://www.youtube.com/watch?v=ik1r4EUQc4Y,,Acesso em: 5/5/2024,Youtube,103
Plano de sa√∫de para idoso - como escolher o melhor?,https://www.youtube.com/watch?v=JCDa27htLX8,,Acesso em: 5/5/2024,Youtube,103
Sa√∫de do Idoso - parte 5 - Alimenta√ß√£o,https://www.youtube.com/watch?v=t2DcZoDI29U,,Acesso em: 5/5/2024,Youtube,103
Sa√∫de do idoso - parte 2,https://www.youtube.com/watch?v=5d0xARO3nZ0,,Acesso em: 5/5/2024,Youtube,103
3 REM√âDIOS QUE PIORAM MUITO A SA√öDE DO IDOSO!,https://www.youtube.com/watch?v=YW-In6Up73M,,Acesso em: 5/5/2024,Youtube,103
Saude do Idoso - Dem√™ncias Irreverssiveis - Dica de Prova,https://www.youtube.com/watch?v=b0oLJkPqdCE,,Acesso em: 5/5/2024,Youtube,103
AVALIA√á√ÉO DA SA√öDE DO IDOSO PARA DEFINI√á√ÉO DA PROPORCIONALIDADE TERAP√äUTICA.mp4,https://www.youtube.com/watch?v=_V_0RztmZrk,,Acesso em: 5/5/2024,Youtube,103
3 REM√âDIOS QUE PIORAM MUITO A SA√öDE DO IDOSO! B√¥nus lista completa de medicamentos ruins nos idosos!,https://www.youtube.com/watch?v=WfFECeOxgn8,,Acesso em: 5/5/2024,Youtube,103
Sa√∫de do Idoso - parte 3 - sa√∫de bucal,https://www.youtube.com/watch?v=IaXfBDysBpw,,Acesso em: 5/5/2024,Youtube,103
5 MEDICACÃßOÃÉES PERIGOSAS PARA O IDOSO,https://www.youtube.com/watch?v=S2ZsksNklAs,,Acesso em: 5/5/2024,Youtube,103
Envelhecimento do Idoso,https://www.youtube.com/watch?v=wp0GyrCc-Jg,,Acesso em: 5/5/2024,Youtube,103
Sa√∫de do Idoso Aula 01,https://www.youtube.com/watch?v=g6ZLFdSQl98,,Acesso em: 5/5/2024,Youtube,103
ESTATUTO DO IDOSO - Direitos e Garantias (Resumo),https://www.youtube.com/watch?v=YaXpMue6kH0,,Acesso em: 5/5/2024,Youtube,103
A sa√∫de do idoso e o processo de envelhecimento,https://www.youtube.com/watch?v=6hlg34OiAw4,,Acesso em: 5/5/2024,Youtube,103
Sa√∫de do Idoso - parte 4,https://www.youtube.com/watch?v=Md9Pk9y1w8w,,Acesso em: 5/5/2024,Youtube,103
Quest√µes Comentadas - Sa√∫de do Idoso,https://www.youtube.com/watch?v=Afdhc5NmG9E,,Acesso em: 5/5/2024,Youtube,103
FISIOTERAPIA DO IDOSO - Atua√ß√£o da fisioterapia na sa√∫de do idoso - Avalia√ß√£o do idoso fisioterapia,https://www.youtube.com/watch?v=S4UFnuX847Q,,Acesso em: 5/5/2024,Youtube,103
Quest√µes Comentadas - Sa√∫de do Idoso,https://www.youtube.com/watch?v=aA7MwhplW1o,,Acesso em: 5/5/2024,Youtube,103
Aula de Apresenta√ß√£o - Enfermagem na Sa√∫de do Idoso - Prof. Edinailson de Souza,https://www.youtube.com/watch?v=NZBH7BjrPls,,Acesso em: 5/5/2024,Youtube,103
ATUALIZA√á√ÉO | Calend√°rio Nacional de Vacina√ß√£o do Adulto e do Idoso (2022) - AULA COMPLETA,https://www.youtube.com/watch?v=F9L-Clo6gnM,,Acesso em: 5/5/2024,Youtube,103
Bem estar do idoso | Vida &amp; Sa√∫de,https://www.youtube.com/watch?v=jjnfHcTB5Lo,,Acesso em: 5/5/2024,Youtube,103
üö®Acidente queda de altura DESLOCAMENTO CODIGO 3  #samu #socorrista #deslocamento #192 #mulheres,https://www.youtube.com/watch?v=McEC4wsFHVo,,Acesso em: 5/5/2024,Youtube,104
#78 Policial ferido ap√≥s disparo de arma de fogo! MOTOL√ÇNCIA SAMU192 GMAU-JP #samu #youtube #policia,https://www.youtube.com/watch?v=Nk2GudD8pis,,Acesso em: 5/5/2024,Youtube,104
Samu 192 N√ÉO √© TAXI e n√£o passa ningu√©m na frente sem necessidade!!!!!!,https://www.youtube.com/watch?v=cr1ezyAHU_g,,Acesso em: 5/5/2024,Youtube,104
Pense - Contra Cultura (Lyric Video),https://www.youtube.com/watch?v=5J2404mLBhc,,Acesso em: 5/5/2024,Youtube,105
Pense (Forever and For Always),https://www.youtube.com/watch?v=dg7C3dcE-xs,,Acesso em: 5/5/2024,Youtube,105
Espelho da Alma,https://www.youtube.com/watch?v=hqupPBoBvgM,,Acesso em: 5/5/2024,Youtube,105
Sa√∫de do adolescente,https://www.youtube.com/watch?v=cqYpKq6xews,,Acesso em: 5/5/2024,Youtube,106
Sa√∫de do adolescente: aspectos gerais. Parte 1,https://www.youtube.com/watch?v=Fn_lULcmr6I,,Acesso em: 5/5/2024,Youtube,106
A sa√∫de dos adolescentes,https://www.youtube.com/watch?v=S7YmIQOy0xg,,Acesso em: 5/5/2024,Youtube,106
5 ALIMENTOS PROIBIDO PARA HOMENS: BAIXAM LIBIDO,https://www.youtube.com/watch?v=SmX49jufqBE,,Acesso em: 5/5/2024,Youtube,107
o que EST√Å ERRADO com a SA√öDE MENTAL dos HOMENS? (com Amanda Ramalho),https://www.youtube.com/watch?v=vwctnI24kZ0,,Acesso em: 5/5/2024,Youtube,107
POR HOMENS N√ÉO CUIDAM DE SUA SA√öDE MENTAL? (com Minutos Ps√≠quicos) | PODCAST DO MHM,https://www.youtube.com/watch?v=cT453Tm0nS8,,Acesso em: 5/5/2024,Youtube,107
"Sarampo: conhe√ßa os riscos, sintomas e tratamento da doen√ßa - Correspondente M√©dico",https://www.youtube.com/watch?v=g8ddDsFpIvI,,Acesso em: 5/5/2024,Youtube,108
Voc√™ e o Doutor explica tudo sobre o sarampo,https://www.youtube.com/watch?v=ofFb1CBkMPM,,Acesso em: 5/5/2024,Youtube,108
Quem deve tomar a vacina contra o sarampo | Coluna #117,https://www.youtube.com/watch?v=FvXye0_Cwok,,Acesso em: 5/5/2024,Youtube,108
Sa√∫de da Crian√ßa- Resumo e Quest√£o de prova,https://www.youtube.com/watch?v=8SyFjuJnuHo,,Acesso em: 5/5/2024,Youtube,109
Pol√≠tica Nacional de Aten√ß√£o Integral √† Sa√∫de da Crian√ßa - PNAISC,https://www.youtube.com/watch?v=rzide7nnUp0,,Acesso em: 5/5/2024,Youtube,109
Sa√∫de da Crian√ßa - Aula 01 ALEITAMENTO MATERNO,https://www.youtube.com/watch?v=CsgTr7hZSFs,,Acesso em: 5/5/2024,Youtube,109
Sa√∫de da Pessoa com Defici√™ncia,https://www.youtube.com/watch?v=eP1bLS0dICI,,Acesso em: 5/5/2024,Youtube,110
Minist√©rio da Sa√∫de lan√ßa Diretrizes de Aten√ß√£o √† Sa√∫de da Pessoa com Defici√™ncia,https://www.youtube.com/watch?v=xYUzWAK6VPQ,,Acesso em: 5/5/2024,Youtube,110
Pol√≠tica Nacional de Sa√∫de da Pessoa com Defici√™ncia - Trabalho de Sa√∫de Coletiva,https://www.youtube.com/watch?v=I-eIjkmlC8s,,Acesso em: 5/5/2024,Youtube,110
S√≠filis Cong√™nita (Profa. Juliana Mello),https://www.youtube.com/watch?v=LsOCJ_4A114,,Acesso em: 5/5/2024,Youtube,111
O que √© s√≠filis cong√™nita? Como ela ocorre? | Transmiss√£o vertical | Gestante | Dr. Victor Proen√ßa,https://www.youtube.com/watch?v=vsC6NRxlrrw,,Acesso em: 5/5/2024,Youtube,111
S√≠filis cong√™nita para Resid√™ncia M√©dica,https://www.youtube.com/watch?v=n3G-DCcG-ZE,,Acesso em: 5/5/2024,Youtube,111
"S√çNDROME DA RUBEOLA CONG√äNITA ‚îÇ O QUE √â, QUAL GRAVIDADE, TEM VACINA, QUANDO FAZER O EXAME?",https://www.youtube.com/watch?v=YmtDfTaMZr0,,Acesso em: 5/5/2024,Youtube,112
NEONATOLOGIA - TORCHS (RUB√âOLA),https://www.youtube.com/watch?v=d15q8pPHZww,,Acesso em: 5/5/2024,Youtube,112
RUB√âOLA NA GESTA√á√ÉO - como diagnosticar ?,https://www.youtube.com/watch?v=rBhSy-Ck9AE,,Acesso em: 5/5/2024,Youtube,112
O Que √© S√≠ndrome de Burnout ou S√≠ndrome do Esgotamento,https://www.youtube.com/watch?v=jSmhjqdqvcM,,Acesso em: 5/5/2024,Youtube,113
S√çNDROME DE BURNOUT | ANA BEATRIZ,https://www.youtube.com/watch?v=4VAaU5ENyiQ,,Acesso em: 5/5/2024,Youtube,113
Esgotamento no trabalho l Saiba reconhecer os sintomas da S√≠ndrome de Burnout,https://www.youtube.com/watch?v=S6Sa7wc0Jq8,,Acesso em: 5/5/2024,Youtube,113
Claramente: Quando o ci√∫mes √© patologia - Orienta√ß√µes de sa√∫de para viajantes - Parte 3 (27/03/20),https://www.youtube.com/watch?v=JOH7QsR0FvI,,Acesso em: 5/5/2024,Youtube,114
Receita: Batata canadense - Orienta√ß√µes de sa√∫de para viajantes - Parte 4 (27/03/20),https://www.youtube.com/watch?v=azI6ce3w8OM,,Acesso em: 5/5/2024,Youtube,114
HIGIENE NO BRASIL COL√îNIA E IMP√âRIO - A VIS√ÉO DOS VIAJANTES ESTRANGEIROS: sujo fala do  mal lavado,https://www.youtube.com/watch?v=npy8G-lNlHQ,,Acesso em: 5/5/2024,Youtube,114
VAMOS FALAR SOBRE SA√öDE MENTAL? ‚Ä¢ PSICOLOGIA ‚Ä¢ Casule Sa√∫de e Bem-estar,https://www.youtube.com/watch?v=kuA2l7tXtE4,,Acesso em: 5/5/2024,Youtube,115
Vamos falar sobre sa√∫de mental? | Lilian Scheinkman,https://www.youtube.com/watch?v=UU-bd1lj3Kg,,Acesso em: 5/5/2024,Youtube,115
Por Que Ningu√©m Fala Sobre Sa√∫de Mental? | Autoridade Fitness,https://www.youtube.com/watch?v=UwyE_XIQ7DA,,Acesso em: 5/5/2024,Youtube,115
Diamond Platnumz Ft Chley - Shu! (Official Lyric Audio),https://www.youtube.com/watch?v=To9FQolFs1Y,,Acesso em: 5/5/2024,Youtube,116
Diamond Platnumz feat Chley - Shu! (Official Music Video),https://www.youtube.com/watch?v=e2byDgJ8AyA,,Acesso em: 5/5/2024,Youtube,116
SHU ganhou SUA CICATRIZ nesse epis√≥dio (beyblade burst),https://www.youtube.com/watch?v=BV_W7VuYNMc,,Acesso em: 5/5/2024,Youtube,116
Conceitos de Sa√∫de √önica (CC Sa√∫de √önica),https://www.youtube.com/watch?v=nguvXUN_i6Y,,Acesso em: 5/5/2024,Youtube,117
Entenda o que √© Sa√∫de √önica,https://www.youtube.com/watch?v=ZasNxgRmVnU,,Acesso em: 5/5/2024,Youtube,117
Descomplicando - Sa√∫de √önica,https://www.youtube.com/watch?v=cg6yI3ED8I0,,Acesso em: 5/5/2024,Youtube,117
Os princ√≠pios do SUS,https://www.youtube.com/watch?v=PzVxQkNyqLs,,Acesso em: 5/5/2024,Youtube,118
"PRIC√çPIOS do SUS - Doutrin√°rios e Organizacionais, aprenda de vez... MACETE TOP",https://www.youtube.com/watch?v=jHMqEVgDjd8,,Acesso em: 5/5/2024,Youtube,118
COMPILADO DE EDIT SUS DOS YOUTUBERS ü§®,https://www.youtube.com/watch?v=41juygOrCPY,,Acesso em: 5/5/2024,Youtube,118
PROTOCOLOS DE SEGURAN√áA DO PACIENTE (Aula completa),https://www.youtube.com/watch?v=HttPzmSU1tg,,Acesso em: 5/5/2024,Youtube,119
Metas internacionais Seguran√ßa do paciente,https://www.youtube.com/watch?v=oR_ABUqRkfw,,Acesso em: 5/5/2024,Youtube,119
SEGURAN√áA DO PACIENTE: RDC n¬∫ 36/2013 - Parte 1 - Conceitos importantes que caem nas provas,https://www.youtube.com/watch?v=SPCeLdmyabM,,Acesso em: 5/5/2024,Youtube,119
O que √© a Talassemia?,https://www.youtube.com/watch?v=WpNwgvoJ4RY,,Acesso em: 5/5/2024,Youtube,120
TALASSEMIAS - (TALASSEMIA BETA E TALASSEMIA ALFA) - HEMATOLOGIA,https://www.youtube.com/watch?v=uPGV07D7Qgs,,Acesso em: 5/5/2024,Youtube,120
"O que √© TALASSEMIA? Quais s√£o os tipos? | Geydson Cruz [MD,MSc]",https://www.youtube.com/watch?v=EG-VopWRYH8,,Acesso em: 5/5/2024,Youtube,120
S√çFILIS ou CANCRO DURO - IST ou DST | Biologia com Samuel Cunha,https://www.youtube.com/watch?v=hepcCubW4hM,,Acesso em: 5/5/2024,Youtube,121
Sintomas e tratamento da s√≠filis | Bruno Ishigami,https://www.youtube.com/watch?v=peXfo57YFr8,,Acesso em: 5/5/2024,Youtube,121
"S√≠filis ‚Äì causas, sintomas e tratamento | Sua Sa√∫de na Rede",https://www.youtube.com/watch?v=l8JU_xHvs7U,,Acesso em: 5/5/2024,Youtube,121
"TROMBOSE - O que √©, tipos, causas e sintomas | Biologia com Samuel Cunha",https://www.youtube.com/watch?v=ftmZskAuDoE,,Acesso em: 5/5/2024,Youtube,123
O que exatamente √© a trombose? Especialista tira as d√∫vidas mais comuns | DE Responde,https://www.youtube.com/watch?v=YA2qXrF3LW8,,Acesso em: 5/5/2024,Youtube,123
Trombose e embolia pulmonar | Cyrillo Cavalheiro,https://www.youtube.com/watch?v=098VVehcAWE,,Acesso em: 5/5/2024,Youtube,123
"Tuberculose - Fisiopatologia, transmiss√£o, evolu√ß√µes e apresenta√ß√µes cl√≠nicas (V√≠deo-aula)",https://www.youtube.com/watch?v=gNn5hSrGiqA,,Acesso em: 5/5/2024,Youtube,124
Dia Mundial da Tuberculose: conhe√ßa os principais sintomas da doen√ßa - Correspondente M√©dico,https://www.youtube.com/watch?v=AhF3iJaoY14,,Acesso em: 5/5/2024,Youtube,124
"Tuberculose: Infec√ß√£o Latente e Doen√ßa Ativa, Anima√ß√£o. Alila Medical Media Portugu√™s",https://www.youtube.com/watch?v=q9GDRozsIBM,,Acesso em: 5/5/2024,Youtube,124
O Grande ESC√ÇNDALO dos PLANOS DE SA√öDE,https://www.youtube.com/watch?v=MoOoNiQxPPs,,Acesso em: 5/5/2024,Youtube,125
Dia Mundial Uma S√≥ Sa√∫de,https://www.youtube.com/watch?v=slpDetxfC54,,Acesso em: 5/5/2024,Youtube,125
PLATAFORMA &quot;UMA S√ì SA√öDE&quot;,https://www.youtube.com/watch?v=GZ-L0EB_RxU,,Acesso em: 5/5/2024,Youtube,125
O QUE √â UMA UPA | UNIDADE DE PRONTO ATENDIMENTO,https://www.youtube.com/watch?v=onG76u8Vp60,,Acesso em: 5/5/2024,Youtube,126
UPA 24h: 3 Coisas que Voc√™ Precisa Saber | P√≠lulas de Emerg√™ncia #05,https://www.youtube.com/watch?v=j1v2Ie4ixiw,,Acesso em: 5/5/2024,Youtube,126
TUDO SOBRE MINHA ROTINA HOSPITALAR | EM UMA UPA 24 H,https://www.youtube.com/watch?v=C-D3uuA3eEE,,Acesso em: 5/5/2024,Youtube,126
"T√âTANO - CAUSA, SINTOMAS, DIAGN√ìSTICO E TRATAMENTO - INFECTOLOGIA",https://www.youtube.com/watch?v=_nUNjwOcLmU,,Acesso em: 5/5/2024,Youtube,127
DIP - T√©tano Acidental - prof Gustavo Rocha,https://www.youtube.com/watch?v=RLyvcCfmesc,,Acesso em: 5/5/2024,Youtube,127
T√©tano em Humanos,https://www.youtube.com/watch?v=zioLWEWOJ6A,,Acesso em: 5/5/2024,Youtube,127
"T√©tano: O que √©? Sintomas, riscos e preven√ß√£o",https://www.youtube.com/watch?v=S1dTAZtyMng,,Acesso em: 5/5/2024,Youtube,128
T√©tano em Humanos,https://www.youtube.com/watch?v=zioLWEWOJ6A,,Acesso em: 5/5/2024,Youtube,128
"T√âTANO - CAUSA, SINTOMAS, DIAGN√ìSTICO E TRATAMENTO - INFECTOLOGIA",https://www.youtube.com/watch?v=_nUNjwOcLmU,,Acesso em: 5/5/2024,Youtube,128
Anima√ß√£o feita em parceria com a USP auxilia no entendimento da toxoplasmose #ci√™nciasp,https://www.youtube.com/watch?v=BGOQCdF6slg,,Acesso em: 5/5/2024,Youtube,129
"Toxoplasmose - O Que √©, Sintomas, Causas e Tratamento",https://www.youtube.com/watch?v=WJt7k9ENLlo,,Acesso em: 5/5/2024,Youtube,129
Toxoplasmose ocular - tratamento,https://www.youtube.com/watch?v=GWmzkyOIdP8,,Acesso em: 5/5/2024,Youtube,129
Hist√≥ria das vacinas | Nerdologia,https://www.youtube.com/watch?v=ENttrlq3zmg,,Acesso em: 5/5/2024,Youtube,130
Diferen√ßas entre vacinas atenuadas e inativadas,https://www.youtube.com/watch?v=YYY1oNEQIxI,,Acesso em: 5/5/2024,Youtube,130
Soro e Vacina - Principais Diferen√ßas - Imunologia - Aula | Biologia com Samuel Cunha,https://www.youtube.com/watch?v=Ltu7uYneynk,,Acesso em: 5/5/2024,Youtube,130
Tracoma -Resumo para prova ACS e ACE,https://www.youtube.com/watch?v=c1SGtL56fGo,,Acesso em: 5/5/2024,Youtube,131
"Tracoma - caracter√≠sticas, sintomas, transmiss√£o, etc.",https://www.youtube.com/watch?v=BAU7NerzMpQ,,Acesso em: 5/5/2024,Youtube,131
Tracoma - Doen√ßas Transmiss√≠veis - Agente de Sa√∫de e Agente de Combate a Endemias,https://www.youtube.com/watch?v=NotPvuvBBlk,,Acesso em: 5/5/2024,Youtube,131
C√¢mera Record mostra os bastidores de cirurgia de transplante m√∫ltiplo de √≥rg√£os,https://www.youtube.com/watch?v=KP8uTTHH8NU,,Acesso em: 5/5/2024,Youtube,132
IMUNOLOGIA DOS TRANSPLANTES - PROF. ALEXANDRE FUNCK,https://www.youtube.com/watch?v=z5MjHiTpzfU,,Acesso em: 5/5/2024,Youtube,132
Transplante de Rins - Voc√™ Bonita (28/09/17),https://www.youtube.com/watch?v=GDWjvUP639w,,Acesso em: 5/5/2024,Youtube,132
Sintomas da var√≠ola dos macacos mudam e intrigam m√©dicos,https://www.youtube.com/watch?v=UahK_s2L84c,,Acesso em: 5/5/2024,Youtube,133
Var√≠ola dos macacos: quais os sintomas e como se transmite,https://www.youtube.com/watch?v=vcwXxGEdL1c,,Acesso em: 5/5/2024,Youtube,133
O que caso de var√≠ola dos macacos em c√£o representa,https://www.youtube.com/watch?v=kk7N1LjFZTw,,Acesso em: 5/5/2024,Youtube,133
VIGITEL BRASIL 2020 (FATORES DE RISCO E DOEN√áAS CR√îNICAS N√ÉO TRANSMISS√çVEIS NO BRASIL),https://www.youtube.com/watch?v=GguJk5YM0vs,,Acesso em: 5/5/2024,Youtube,134
VIGITEL 2018 | Dra Bianca Rosa,https://www.youtube.com/watch?v=PmWM3U4dwV0,,Acesso em: 5/5/2024,Youtube,134
ENTENDENDO DOEN√áAS CR√îNICAS E AGRAVOS N√ÉO TRANSMISS√çVEIS | PLANO DE A√á√ïES ESTRAT√âGICAS,https://www.youtube.com/watch?v=twAGiOU12XY,,Acesso em: 5/5/2024,Youtube,134
Zika virus | Origem,https://www.youtube.com/watch?v=XmvmtbOut6Q,,Acesso em: 5/5/2024,Youtube,135
Zika v√≠rus  - Brasil Escola,https://www.youtube.com/watch?v=9XJ9VlsU-40,,Acesso em: 5/5/2024,Youtube,135
V√≠rus Zika | Nerdologia,https://www.youtube.com/watch?v=pm3do0nEuuM,,Acesso em: 5/5/2024,Youtube,135
